,Ngram,Normal mean,Normal sem,Cluster 0 mean,Cluster 0 sem,Cluster 1 mean,Cluster 1 sem,Cluster 2 mean,Cluster 2 sem
348,accept4,1.0,[0.],1.0,[0.],1.0,[0.],0.0,0.0
434,accept4 getsockname,1.0,[0.],1.0,[0.],1.0,[0.],0.0,0.0
271,accept4 getsockname fcntl,1.0,[0.],1.0,[0.],1.0,[0.],0.0,0.0
47,access,35.28907941839395,[0.00396075],35.775862068965516,[0.14900279],54.111111111111114,[2.45782772],65.4,[7.11055553]
64,access access,22.27281566270385,[0.00420356],22.50862068965517,[0.16081487],41.111111111111114,[2.45782772],45.4,[6.17737808]
420,access access access,14.258430194015999,[0.00396287],14.344827586206897,[0.15051309],32.27777777777778,[2.4019209],34.2,[5.50817574]
287,access access mmap,0.003027356697750475,[0.00030022],0.15517241379310345,[0.04679127],0.0,0.0,0.2,[0.2]
471,access access nanosleep,0.998254297962611,[0.00019624],0.9913793103448276,[0.00862069],1.0,[0.],0.6,[0.24494897]
308,access access newlstat,0.0020550669554072567,[0.00027137],0.04310344827586207,[0.01893824],0.1111111111111111,[0.05312127],6.0,[1.37840488]
425,access access newstat,1.9989614177752242,[0.00040443],1.8706896551724137,[0.03576152],2.5555555555555554,[0.11577513],1.0,[0.]
73,access access open,2.0,[0.],2.0,[0.],2.0,[0.],2.0,[0.]
160,access access sendto,3.0047951562292834,[0.0005511],2.9827586206896552,[0.01724138],3.0277777777777777,[0.02777778],1.4,[0.4]
83,access access socket,0.0013700446369381712,[0.00017388],0.1206896551724138,[0.03037786],0.05555555555555555,[0.03871845],0.0,0.0
109,access access writev,0.005922128430635966,[0.00036068],0.0,0.0,0.08333333333333333,[0.04671766],0.0,0.0
367,access mmap,0.0035576965572104123,[0.00038556],0.21551724137931033,[0.06796025],0.0,0.0,0.4,[0.4]
340,access mmap access,0.0010606797189198745,[0.00021646],0.1206896551724138,[0.04441047],0.0,0.0,0.2,[0.2]
228,access mmap mmap,0.0,0.0,0.0,0.0,0.0,0.0,0.2,[0.2]
334,access mmap munmap,0.002497016838290538,[0.00023461],0.09482758620689655,[0.02732021],0.0,0.0,0.0,0.0
42,access nanosleep,0.9983205904450435,[0.00019248],0.9913793103448276,[0.00862069],1.0,[0.],0.6,[0.24494897]
208,access nanosleep nanosleep,0.9983205904450435,[0.00019248],0.9913793103448276,[0.00862069],1.0,[0.],0.6,[0.24494897]
378,access newlstat,0.008264462809917356,[0.00085439],0.12931034482758622,[0.04334266],0.1111111111111111,[0.05312127],12.2,[2.13072758]
362,access newlstat newlstat,0.003447209086489592,[0.00038999],0.08620689655172414,[0.03138236],0.08333333333333333,[0.04671766],5.4,[1.12249722]
416,access newlstat newstat,0.0048172537234277635,[0.00051301],0.04310344827586207,[0.01893824],0.027777777777777776,[0.02777778],0.0,0.0
198,access newlstat open,0.0,0.0,0.0,0.0,0.0,0.0,6.8,[1.11355287]
124,access newstat,3.0142307862288416,[0.00165554],3.060344827586207,[0.12200769],3.111111111111111,[0.05312127],1.0,[0.]
347,access newstat access,2.995934061077474,[0.00094408],2.6810344827586206,[0.08177119],2.0555555555555554,[0.06836462],0.6,[0.24494897]
106,access newstat nanosleep,0.0007292173067574137,[0.0001269],0.0,0.0,0.0,0.0,0.0,0.0
456,access newstat newlstat,0.0027400892738763424,[0.00034635],0.07758620689655173,[0.03036722],0.0,0.0,0.4,[0.24494897]
127,access newstat newstat,0.011579086931541964,[0.00069104],0.27586206896551724,[0.07990456],1.0555555555555556,[0.09713715],0.0,0.0
191,access newstat sendto,0.0015910195783798116,[0.00022085],0.017241379310344827,[0.01724138],0.0,0.0,0.0,0.0
125,access newstat writev,0.001657312060812304,[0.00019121],0.008620689655172414,[0.00862069],0.0,0.0,0.0,0.0
263,access open,2.00053033985946,[0.00010823],2.060344827586207,[0.02220523],2.0,[0.],2.8,[0.2]
368,access open access,0.9975471781499978,[0.00023253],1.0,[0.],1.0,[0.],1.0,[0.]
361,access open newfstat,0.0005303398594599373,[0.00010823],0.0603448275862069,[0.02220523],0.0,0.0,0.8,[0.2]
9,access open open,1.0024528218500022,[0.00023253],1.0,[0.],1.0,[0.],1.0,[0.]
139,access sendto,4.993017191850444,[0.00059038],4.818965517241379,[0.05136683],4.777777777777778,[0.08078102],1.8,[0.37416574]
240,access sendto poll,4.980974057541875,[0.00078521],4.801724137931035,[0.05226479],4.777777777777778,[0.08078102],1.8,[0.37416574]
338,access sendto sendto,0.012043134308569408,[0.00051938],0.017241379310344827,[0.01213837],0.0,0.0,0.0,0.0
323,access socket,1.0,[0.],1.0,[0.],1.0,[0.],1.0,[0.]
222,access socket fcntl,0.9957130861360322,[0.00030713],1.0,[0.],0.9444444444444444,[0.03871845],1.0,[0.]
441,access socket socket,0.004286913863967826,[0.00030713],0.0,0.0,0.05555555555555555,[0.03871845],0.0,0.0
94,access writev,0.9983426879391877,[0.00019121],0.9913793103448276,[0.00862069],1.0,[0.],0.2,[0.2]
144,access writev chdir,0.9508551730233792,[0.00101618],0.896551724137931,[0.02839883],0.7777777777777778,[0.07027284],0.2,[0.2]
482,access writev writev,0.04748751491580855,[0.00099977],0.09482758620689655,[0.02732021],0.2222222222222222,[0.07027284],0.0,0.0
52,brk,0.002121359437839749,[0.00043291],0.2413793103448276,[0.08882094],0.0,0.0,4.4,[0.4]
16,brk access,0.0005303398594599373,[0.00010823],0.0603448275862069,[0.02220523],0.0,0.0,1.0,[0.]
63,brk access access,0.0005303398594599373,[0.00010823],0.0603448275862069,[0.02220523],0.0,0.0,1.0,[0.]
223,brk brk,0.0005303398594599373,[0.00010823],0.0603448275862069,[0.02220523],0.0,0.0,1.2,[0.2]
158,brk brk fcntl,0.0,0.0,0.0,0.0,0.0,0.0,0.2,[0.2]
59,brk brk setitimer,0.0005303398594599373,[0.00010823],0.0603448275862069,[0.02220523],0.0,0.0,1.0,[0.]
122,brk fcntl,0.0,0.0,0.0,0.0,0.0,0.0,0.2,[0.2]
67,brk fcntl munmap,0.0,0.0,0.0,0.0,0.0,0.0,0.2,[0.2]
46,brk mmap,0.0005303398594599373,[0.00010823],0.0603448275862069,[0.02220523],0.0,0.0,1.0,[0.]
494,brk mmap brk,0.0005303398594599373,[0.00010823],0.0603448275862069,[0.02220523],0.0,0.0,1.0,[0.]
357,brk setitimer,0.0005303398594599373,[0.00010823],0.0603448275862069,[0.02220523],0.0,0.0,1.0,[0.]
444,brk setitimer rt_sigaction,0.0005303398594599373,[0.00010823],0.0603448275862069,[0.02220523],0.0,0.0,1.0,[0.]
394,chdir,2.006761833208114,[0.00055285],2.0,[0.],2.0,[0.],2.0,[0.]
401,chdir chdir,0.0067618332081141996,[0.00055285],0.0,0.0,0.0,0.0,0.0,0.0
489,chdir chdir chdir,0.003425111592345428,[0.00028511],0.0,0.0,0.0,0.0,0.0,0.0
72,chdir chdir setitimer,0.003336721615768772,[0.00027109],0.0,0.0,0.0,0.0,0.0,0.0
26,chdir setitimer,2.0,[0.],2.0,[0.],2.0,[0.],2.0,[0.]
295,chdir setitimer fcntl,1.0,[0.],1.0,[0.],1.0,[0.],0.8,[0.2]
324,chdir setitimer newlstat,0.0,0.0,0.0,0.0,0.0,0.0,0.2,[0.2]
276,chdir setitimer sendto,1.0,[0.],1.0,[0.],1.0,[0.],1.0,[0.]
236,close,3.0121978167675785,[0.00248924],4.387931034482759,[0.51072039],3.0,[0.],135.6,[5.12445119]
462,close access,0.0,0.0,0.0,0.0,0.0,0.0,7.8,[1.06770783]
363,close access access,0.0,0.0,0.0,0.0,0.0,0.0,3.2,[0.58309519]
272,close access newlstat,0.0,0.0,0.0,0.0,0.0,0.0,4.0,[0.54772256]
299,close access sendto,0.0,0.0,0.0,0.0,0.0,0.0,0.2,[0.2]
28,close access socket,0.0,0.0,0.0,0.0,0.0,0.0,0.4,[0.24494897]
297,close fcntl,1.0,[0.],1.0,[0.],1.0,[0.],1.0,[0.]
327,close fcntl fcntl,0.0026075043090113582,[0.00023973],0.008620689655172414,[0.00862069],0.0,0.0,0.0,0.0
371,close fcntl munmap,0.0019445794846864365,[0.00020709],0.09482758620689655,[0.02732021],0.0,0.0,1.0,[0.]
174,close fcntl setitimer,0.9954479162063022,[0.00031644],0.896551724137931,[0.02839883],1.0,[0.],0.0,0.0
90,close mmap,0.0005303398594599373,[0.00010823],0.0603448275862069,[0.02220523],0.0,0.0,3.0,[0.54772256]
161,close mmap access,0.0,0.0,0.0,0.0,0.0,0.0,1.6,[0.4]
467,close mmap madvise,0.0,0.0,0.0,0.0,0.0,0.0,0.2,[0.2]
135,close mmap newlstat,0.0,0.0,0.0,0.0,0.0,0.0,0.2,[0.2]
163,close mmap newstat,0.0005303398594599373,[0.00010823],0.0603448275862069,[0.02220523],0.0,0.0,1.0,[0.]
206,close munmap,1.0,[0.],1.0,[0.],1.0,[0.],1.0,[0.]
436,close munmap access,0.9969505458081054,[0.00025919],0.9913793103448276,[0.00862069],1.0,[0.],1.0,[0.]
490,close munmap munmap,0.003049454191894639,[0.00025919],0.008620689655172414,[0.00862069],0.0,0.0,0.0,0.0
268,close nanosleep,0.0,0.0,0.0,0.0,0.0,0.0,0.4,[0.24494897]
391,close nanosleep nanosleep,0.0,0.0,0.0,0.0,0.0,0.0,0.4,[0.24494897]
485,close newlstat,0.0,0.0,0.0,0.0,0.0,0.0,94.2,[5.75673519]
11,close newlstat newlstat,0.0,0.0,0.0,0.0,0.0,0.0,16.6,[1.50332964]
385,close newlstat open,0.0,0.0,0.0,0.0,0.0,0.0,77.6,[5.62672196]
56,close newstat,1.0111371370486586,[0.00227278],2.2672413793103448,[0.46630992],1.0,[0.],23.0,[0.]
404,close newstat access,0.0,0.0,0.0,0.0,0.0,0.0,0.2,[0.2]
414,close newstat brk,0.0005303398594599373,[0.00010823],0.0603448275862069,[0.02220523],0.0,0.0,1.0,[0.]
408,close newstat mmap,0.0,0.0,0.0,0.0,0.0,0.0,0.2,[0.2]
230,close newstat newlstat,0.0,0.0,0.0,0.0,0.0,0.0,0.2,[0.2]
332,close newstat newstat,0.011954744331992753,[0.00217127],1.2155172413793103,[0.44398462],0.027777777777777776,[0.02777778],20.6,[0.24494897]
243,close newstat open,0.0005303398594599373,[0.00010823],0.0603448275862069,[0.02220523],0.0,0.0,0.8,[0.2]
225,close newstat setitimer,0.9981217129977461,[0.00020354],0.9310344827586207,[0.02362925],0.9722222222222222,[0.02777778],0.0,0.0
407,close open,0.0,0.0,0.0,0.0,0.0,0.0,0.2,[0.2]
195,close open newfstat,0.0,0.0,0.0,0.0,0.0,0.0,0.2,[0.2]
292,close sendto,0.0,0.0,0.0,0.0,0.0,0.0,3.2,[0.37416574]
255,close sendto poll,0.0,0.0,0.0,0.0,0.0,0.0,3.0,[0.31622777]
43,close sendto sendto,0.0,0.0,0.0,0.0,0.0,0.0,0.2,[0.2]
224,close sysinfo,0.0005303398594599373,[0.00010823],0.0603448275862069,[0.02220523],0.0,0.0,1.0,[0.]
446,close sysinfo newstat,0.0005303398594599373,[0.00010823],0.0603448275862069,[0.02220523],0.0,0.0,1.0,[0.]
209,close writev,0.0,0.0,0.0,0.0,0.0,0.0,0.8,[0.2]
294,close writev chdir,0.0,0.0,0.0,0.0,0.0,0.0,0.8,[0.2]
165,connect,1.0073805630441508,[0.00058026],1.0,[0.],5.333333333333333,[2.48966116],1.0,[0.]
69,connect connect,0.007380563044150793,[0.00058026],0.0,0.0,4.333333333333333,[2.48966116],0.0,0.0
60,connect connect connect,0.003756574004507889,[0.00030247],0.0,0.0,3.7222222222222223,[2.47162022],0.0,0.0
105,connect connect fcntl,0.0036239890396429046,[0.00028248],0.0,0.0,0.6111111111111112,[0.08240221],0.0,0.0
497,connect fcntl,1.0,[0.],1.0,[0.],1.0,[0.],1.0,[0.]
137,connect fcntl poll,1.0,[0.],1.0,[0.],1.0,[0.],1.0,[0.]
118,fcntl,7.006894418172979,[0.00055105],7.043103448275862,[0.03095734],7.0,[0.],419.4,[12.03577999]
196,fcntl access,0.9981659079860343,[0.00020114],1.0,[0.],0.9722222222222222,[0.02777778],0.8,[0.2]
54,fcntl access access,0.001679409554956468,[0.00019248],0.008620689655172414,[0.00862069],0.6388888888888888,[0.08118935],0.0,0.0
325,fcntl access newlstat,2.2097494144164052e-05,[2.20974941e-05],0.0,0.0,0.0,0.0,0.0,0.0
30,fcntl access newstat,0.9959340610774738,[0.00029914],0.9310344827586207,[0.02362925],0.3333333333333333,[0.07968191],0.0,0.0
316,fcntl access open,0.0005303398594599373,[0.00010823],0.0603448275862069,[0.02220523],0.0,0.0,0.8,[0.2]
79,fcntl brk,0.0,0.0,0.0,0.0,0.0,0.0,0.2,[0.2]
81,fcntl brk brk,0.0,0.0,0.0,0.0,0.0,0.0,0.2,[0.2]
254,fcntl close,0.0,0.0,0.0,0.0,0.0,0.0,1.0,[0.31622777]
252,fcntl close newlstat,0.0,0.0,0.0,0.0,0.0,0.0,1.0,[0.31622777]
290,fcntl connect,1.0,[0.],1.0,[0.],1.0,[0.],1.0,[0.]
366,fcntl connect connect,0.0036239890396429046,[0.00028248],0.0,0.0,0.6111111111111112,[0.08240221],0.0,0.0
95,fcntl connect fcntl,0.9963760109603571,[0.00028248],1.0,[0.],0.3888888888888889,[0.08240221],1.0,[0.]
20,fcntl fcntl,2.0068944181729793,[0.00055105],2.043103448275862,[0.03095734],2.0,[0.],304.6,[8.47702778]
21,fcntl fcntl access,0.000839704777478234,[0.00013616],0.008620689655172414,[0.00862069],0.0,0.0,0.0,0.0
10,fcntl fcntl close,0.0,0.0,0.0,0.0,0.0,0.0,1.0,[0.31622777]
424,fcntl fcntl connect,1.0,[0.],1.0,[0.],1.0,[0.],1.0,[0.]
411,fcntl fcntl fcntl,0.003447209086489592,[0.00027552],0.02586206896551724,[0.01920928],0.0,0.0,193.2,[6.92387175]
78,fcntl fcntl mmap,0.0005303398594599373,[0.00010823],0.0603448275862069,[0.02220523],0.0,0.0,1.8,[0.2]
398,fcntl fcntl munmap,0.0,0.0,0.0,0.0,0.0,0.0,107.6,[5.07543102]
19,fcntl fcntl read,0.9994696601405401,[0.00010823],0.9396551724137931,[0.02220523],1.0,[0.],0.0,0.0
326,fcntl fcntl setitimer,0.0026075043090113582,[0.00023973],0.008620689655172414,[0.00862069],0.0,0.0,0.0,0.0
246,fcntl mmap,0.0005303398594599373,[0.00010823],0.0603448275862069,[0.02220523],0.0,0.0,1.8,[0.2]
312,fcntl mmap mmap,0.0005303398594599373,[0.00010823],0.0603448275862069,[0.02220523],0.0,0.0,1.0,[0.]
133,fcntl mmap munmap,0.0,0.0,0.0,0.0,0.0,0.0,0.8,[0.2]
321,fcntl munmap,0.0019445794846864365,[0.00020709],0.09482758620689655,[0.02732021],0.0,0.0,108.8,[5.16139516]
443,fcntl munmap close,0.0,0.0,0.0,0.0,0.0,0.0,106.0,[5.34789678]
238,fcntl munmap munmap,0.0,0.0,0.008620689655172414,[0.00862069],0.0,0.0,2.8,[0.58309519]
413,fcntl munmap setitimer,0.0019445794846864365,[0.00020709],0.08620689655172414,[0.02617255],0.0,0.0,0.0,0.0
288,fcntl newlstat,0.0009501922481990542,[0.00014484],0.0,0.0,0.027777777777777776,[0.02777778],0.0,0.0
244,fcntl newlstat newlstat,0.0003756574004507889,[9.10941942e-05],0.0,0.0,0.0,0.0,0.0,0.0
289,fcntl newlstat newstat,0.0005745348477482654,[0.00011264],0.0,0.0,0.027777777777777776,[0.02777778],0.0,0.0
146,fcntl newstat,0.0008838997657665621,[0.0001397],0.0,0.0,0.0,0.0,0.2,[0.2]
370,fcntl newstat access,4.4194988288328104e-05,[3.12502306e-05],0.0,0.0,0.0,0.0,0.0,0.0
114,fcntl newstat fcntl,0.0,0.0,0.0,0.0,0.0,0.0,0.2,[0.2]
454,fcntl newstat newlstat,2.2097494144164052e-05,[2.20974941e-05],0.0,0.0,0.0,0.0,0.0,0.0
450,fcntl newstat newstat,0.0008176072833340699,[0.00013436],0.0,0.0,0.0,0.0,0.0,0.0
305,fcntl poll,1.0,[0.],1.0,[0.],1.0,[0.],1.0,[0.]
458,fcntl poll poll,0.9004286913863968,[0.00140756],0.8362068965517241,[0.03451086],1.0,[0.],1.0,[0.]
445,fcntl poll recvfrom,0.09957130861360322,[0.00140756],0.16379310344827586,[0.03451086],0.0,0.0,0.0,0.0
310,fcntl read,0.9994696601405401,[0.00010823],0.9396551724137931,[0.02220523],1.0,[0.],0.0,0.0
400,fcntl read newstat,0.9978123480797277,[0.00021963],0.9224137931034483,[0.02494631],1.0,[0.],0.0,0.0
439,fcntl read read,0.001657312060812304,[0.00019121],0.017241379310344827,[0.01213837],0.0,0.0,0.0,0.0
104,fcntl setitimer,0.9980554205153136,[0.00020709],0.9051724137931034,[0.02732021],1.0,[0.],0.0,0.0
218,fcntl setitimer writev,0.9980554205153136,[0.00020709],0.9051724137931034,[0.02732021],1.0,[0.],0.0,0.0
201,getcwd,1.0011490696954966,[0.00022529],1.0,[0.],1.0,[0.],1.0,[0.]
188,getcwd chdir,1.0,[0.],1.0,[0.],1.0,[0.],1.0,[0.]
277,getcwd chdir chdir,0.001281654660361515,[0.00016818],0.0,0.0,0.0,0.0,0.0,0.0
333,getcwd chdir setitimer,0.9987183453396384,[0.00016818],1.0,[0.],1.0,[0.],1.0,[0.]
7,getcwd getcwd,0.0011490696954965308,[0.00022529],0.0,0.0,0.0,0.0,0.0,0.0
148,getcwd getcwd chdir,0.0005745348477482654,[0.00011264],0.0,0.0,0.0,0.0,0.0,0.0
375,getcwd getcwd getcwd,0.0005745348477482654,[0.00011264],0.0,0.0,0.0,0.0,0.0,0.0
359,getdents,0.02360012374596721,[0.00481704],2.6724137931034484,[0.98350533],0.0,0.0,56.2,[12.2]
29,getdents close,0.01166747690811862,[0.00238101],1.3275862068965518,[0.48851515],0.0,0.0,22.0,[0.]
369,getdents close newstat,0.011137137048658681,[0.00227278],1.2672413793103448,[0.46630992],0.0,0.0,21.0,[0.]
84,getdents close sysinfo,0.0005303398594599373,[0.00010823],0.0603448275862069,[0.02220523],0.0,0.0,1.0,[0.]
266,getdents getdents,0.011932646837848587,[0.00243693],1.3448275862068966,[0.49511912],0.0,0.0,34.2,[12.2]
428,getdents getdents close,0.01166747690811862,[0.00238101],1.3275862068965518,[0.48851515],0.0,0.0,22.0,[0.]
136,getdents getdents getdents,0.0002651699297299686,[0.00010825],0.017241379310344827,[0.01724138],0.0,0.0,12.2,[12.2]
85,getsockname,1.0,[0.],1.0,[0.],1.0,[0.],0.0,0.0
96,getsockname fcntl,1.0,[0.],1.0,[0.],1.0,[0.],0.0,0.0
140,getsockname fcntl fcntl,1.0,[0.],1.0,[0.],1.0,[0.],0.0,0.0
311,madvise,0.002497016838290538,[0.00023461],0.09482758620689655,[0.02732021],0.0,0.0,7.4,[1.36381817]
93,madvise access,0.0,0.0,0.0,0.0,0.0,0.0,0.6,[0.24494897]
207,madvise access access,0.0,0.0,0.0,0.0,0.0,0.0,0.4,[0.24494897]
87,madvise access sendto,0.0,0.0,0.0,0.0,0.0,0.0,0.2,[0.2]
108,madvise fcntl,0.0,0.0,0.0,0.0,0.0,0.0,5.2,[1.0198039]
410,madvise fcntl fcntl,0.0,0.0,0.0,0.0,0.0,0.0,5.2,[1.0198039]
283,madvise munmap,0.0,0.0,0.0,0.0,0.0,0.0,1.6,[0.678233]
162,madvise munmap fcntl,0.0,0.0,0.0,0.0,0.0,0.0,1.4,[0.678233]
202,madvise munmap mmap,0.0,0.0,0.0,0.0,0.0,0.0,0.2,[0.2]
185,madvise newstat,0.002497016838290538,[0.00023461],0.09482758620689655,[0.02732021],0.0,0.0,0.0,0.0
151,madvise newstat access,0.002497016838290538,[0.00023461],0.09482758620689655,[0.02732021],0.0,0.0,0.0,0.0
31,mmap,1.020197109647766,[0.00178944],1.9913793103448276,[0.3331949],1.0,[0.],131.4,[5.67097875]
442,mmap access,0.002121359437839749,[0.00043291],0.2413793103448276,[0.08882094],0.0,0.0,2.8,[0.2]
149,mmap access access,0.002121359437839749,[0.00043291],0.2413793103448276,[0.08882094],0.0,0.0,2.6,[0.24494897]
82,mmap access newlstat,0.0,0.0,0.0,0.0,0.0,0.0,0.2,[0.2]
115,mmap brk,0.0010606797189198745,[0.00021646],0.1206896551724138,[0.04441047],0.0,0.0,2.0,[0.]
215,mmap brk access,0.0005303398594599373,[0.00010823],0.0603448275862069,[0.02220523],0.0,0.0,1.0,[0.]
49,mmap brk brk,0.0005303398594599373,[0.00010823],0.0603448275862069,[0.02220523],0.0,0.0,1.0,[0.]
40,mmap close,1.0,[0.],1.0,[0.],1.0,[0.],1.0,[0.]
386,mmap close munmap,1.0,[0.],1.0,[0.],1.0,[0.],1.0,[0.]
423,mmap fcntl,0.0,0.0,0.0,0.0,0.0,0.0,0.8,[0.37416574]
452,mmap fcntl fcntl,0.0,0.0,0.0,0.0,0.0,0.0,0.6,[0.24494897]
212,mmap fcntl newstat,0.0,0.0,0.0,0.0,0.0,0.0,0.2,[0.2]
459,mmap getcwd,0.0005303398594599373,[0.00010823],0.0603448275862069,[0.02220523],0.0,0.0,1.0,[0.]
318,mmap getcwd chdir,0.0005303398594599373,[0.00010823],0.0603448275862069,[0.02220523],0.0,0.0,1.0,[0.]
382,mmap madvise,0.0,0.0,0.0,0.0,0.0,0.0,6.4,[1.36381817]
343,mmap madvise access,0.0,0.0,0.0,0.0,0.0,0.0,0.6,[0.24494897]
355,mmap madvise fcntl,0.0,0.0,0.0,0.0,0.0,0.0,4.2,[1.0198039]
172,mmap madvise munmap,0.0,0.0,0.0,0.0,0.0,0.0,1.6,[0.678233]
307,mmap mmap,0.009369337517125558,[0.00064804],0.13793103448275862,[0.0472585],0.0,0.0,2.6,[0.4]
282,mmap mmap close,0.004110133910814513,[0.00030075],0.008620689655172414,[0.00862069],0.0,0.0,0.0,0.0
193,mmap mmap fcntl,0.0,0.0,0.0,0.0,0.0,0.0,0.2,[0.2]
328,mmap mmap madvise,0.0,0.0,0.0,0.0,0.0,0.0,0.2,[0.2]
448,mmap mmap mmap,0.00419852388739117,[0.00031032],0.008620689655172414,[0.00862069],0.0,0.0,0.2,[0.2]
192,mmap mmap read,0.0005303398594599373,[0.00010823],0.0603448275862069,[0.02220523],0.0,0.0,1.0,[0.]
200,mmap mmap writev,0.0005303398594599373,[0.00010823],0.0603448275862069,[0.02220523],0.0,0.0,1.0,[0.]
300,mmap munmap,0.004994033676581076,[0.00046922],0.1896551724137931,[0.05464043],0.0,0.0,2.8,[0.2]
438,mmap munmap close,0.0,0.0,0.0,0.0,0.0,0.0,0.8,[0.2]
76,mmap munmap mmap,0.0024749193441463736,[0.00023357],0.09482758620689655,[0.02732021],0.0,0.0,1.0,[0.]
121,mmap munmap munmap,0.002519114332434702,[0.00023771],0.09482758620689655,[0.02732021],0.0,0.0,1.0,[0.]
463,mmap newfstat,0.0005303398594599373,[0.00010823],0.0603448275862069,[0.02220523],0.0,0.0,1.0,[0.]
130,mmap newfstat read,0.0005303398594599373,[0.00010823],0.0603448275862069,[0.02220523],0.0,0.0,1.0,[0.]
275,mmap newlstat,0.0,0.0,0.0,0.0,0.0,0.0,0.2,[0.2]
153,mmap newlstat open,0.0,0.0,0.0,0.0,0.0,0.0,0.2,[0.2]
376,mmap newstat,0.0005303398594599373,[0.00010823],0.0603448275862069,[0.02220523],0.0,0.0,108.8,[4.88262225]
141,mmap newstat fcntl,0.0,0.0,0.0,0.0,0.0,0.0,101.0,[4.75394573]
33,mmap newstat mmap,0.0005303398594599373,[0.00010823],0.0603448275862069,[0.02220523],0.0,0.0,7.2,[1.3190906]
481,mmap newstat newstat,0.0,0.0,0.0,0.0,0.0,0.0,0.6,[0.24494897]
117,mmap read,0.0005303398594599373,[0.00010823],0.0603448275862069,[0.02220523],0.0,0.0,1.0,[0.]
285,mmap read newstat,0.0005303398594599373,[0.00010823],0.0603448275862069,[0.02220523],0.0,0.0,1.0,[0.]
304,mmap writev,0.0005303398594599373,[0.00010823],0.0603448275862069,[0.02220523],0.0,0.0,1.0,[0.]
296,mmap writev sendto,0.0005082423653157732,[0.00010595],0.05172413793103448,[0.02065214],0.0,0.0,0.8,[0.2]
433,mmap writev writev,2.2097494144164052e-05,[2.20974941e-05],0.008620689655172414,[0.00862069],0.0,0.0,0.2,[0.2]
178,munmap,1.0157113183365007,[0.00103596],1.4310344827586208,[0.12196796],1.0,[0.],119.0,[4.91934955]
278,munmap access,1.0,[0.],1.0,[0.],1.0,[0.],1.0,[0.]
487,munmap access access,0.9977902505855836,[0.00022073],0.9310344827586207,[0.02362925],1.0,[0.],0.6,[0.24494897]
353,munmap access mmap,0.0005303398594599373,[0.00010823],0.0603448275862069,[0.02220523],0.0,0.0,0.2,[0.2]
53,munmap access newlstat,0.0008838997657665621,[0.0001397],0.008620689655172414,[0.00862069],0.0,0.0,0.2,[0.2]
273,munmap access newstat,0.0007955097891899058,[0.00013253],0.0,0.0,0.0,0.0,0.0,0.0
430,munmap close,0.0,0.0,0.0,0.0,0.0,0.0,108.6,[5.16333226]
189,munmap close access,0.0,0.0,0.0,0.0,0.0,0.0,7.8,[1.06770783]
235,munmap close mmap,0.0,0.0,0.0,0.0,0.0,0.0,2.0,[0.54772256]
302,munmap close nanosleep,0.0,0.0,0.0,0.0,0.0,0.0,0.4,[0.24494897]
58,munmap close newlstat,0.0,0.0,0.0,0.0,0.0,0.0,93.2,[5.78273292]
12,munmap close newstat,0.0,0.0,0.0,0.0,0.0,0.0,1.0,[0.]
393,munmap close open,0.0,0.0,0.0,0.0,0.0,0.0,0.2,[0.2]
155,munmap close sendto,0.0,0.0,0.0,0.0,0.0,0.0,3.2,[0.37416574]
45,munmap close writev,0.0,0.0,0.0,0.0,0.0,0.0,0.8,[0.2]
74,munmap fcntl,0.0,0.0,0.0,0.0,0.0,0.0,1.4,[0.678233]
61,munmap fcntl fcntl,0.0,0.0,0.0,0.0,0.0,0.0,1.4,[0.678233]
17,munmap madvise,0.002497016838290538,[0.00023461],0.09482758620689655,[0.02732021],0.0,0.0,1.0,[0.]
383,munmap madvise fcntl,0.0,0.0,0.0,0.0,0.0,0.0,1.0,[0.]
493,munmap madvise newstat,0.002497016838290538,[0.00023461],0.09482758620689655,[0.02732021],0.0,0.0,0.0,0.0
330,munmap mmap,0.002497016838290538,[0.00023461],0.09482758620689655,[0.02732021],0.0,0.0,1.2,[0.2]
349,munmap mmap madvise,0.0,0.0,0.0,0.0,0.0,0.0,0.2,[0.2]
143,munmap mmap munmap,0.002497016838290538,[0.00023461],0.09482758620689655,[0.02732021],0.0,0.0,1.0,[0.]
150,munmap munmap,0.008772705175233129,[0.00058528],0.14655172413793102,[0.04622854],0.0,0.0,4.8,[0.96953597]
418,munmap munmap access,0.003049454191894639,[0.00025919],0.008620689655172414,[0.00862069],0.0,0.0,0.0,0.0
339,munmap munmap close,0.0,0.0,0.0,0.0,0.0,0.0,1.8,[0.58309519]
3,munmap munmap madvise,0.002497016838290538,[0.00023461],0.09482758620689655,[0.02732021],0.0,0.0,1.0,[0.]
68,munmap munmap mmap,2.2097494144164052e-05,[2.20974941e-05],0.0,0.0,0.0,0.0,0.0,0.0
379,munmap munmap munmap,0.0032041366509037877,[0.00027823],0.034482758620689655,[0.02096272],0.0,0.0,1.0,[0.4472136]
267,munmap munmap setitimer,0.0,0.0,0.008620689655172414,[0.00862069],0.0,0.0,1.0,[0.]
469,munmap setitimer,0.0019445794846864365,[0.00020709],0.09482758620689655,[0.02732021],0.0,0.0,1.0,[0.]
345,munmap setitimer writev,0.0019445794846864365,[0.00020709],0.09482758620689655,[0.02732021],0.0,0.0,1.0,[0.]
253,nanosleep,4.005126618641446,[0.0006871],4.0344827586206895,[0.02427675],4.0,[0.],4.0,[0.]
293,nanosleep nanosleep,3.0051266186414463,[0.0006871],3.0344827586206895,[0.02427675],3.0,[0.],3.0,[0.]
392,nanosleep nanosleep nanosleep,2.0051266186414463,[0.0006871],2.0344827586206895,[0.02427675],2.0,[0.],2.0,[0.]
306,nanosleep nanosleep sendto,1.0,[0.],1.0,[0.],1.0,[0.],1.0,[0.]
233,nanosleep sendto,1.0,[0.],1.0,[0.],1.0,[0.],1.0,[0.]
480,nanosleep sendto poll,0.9977239581031511,[0.00022401],1.0,[0.],1.0,[0.],1.0,[0.]
301,nanosleep sendto sendto,0.002276041896848897,[0.00022401],0.0,0.0,0.0,0.0,0.0,0.0
179,newfstat,2.0121978167675785,[0.00248924],3.3879310344827585,[0.51072039],2.0,[0.],463.4,[20.49780476]
421,newfstat getdents,0.01166747690811862,[0.00238101],1.3275862068965518,[0.48851515],0.0,0.0,22.0,[0.]
478,newfstat getdents getdents,0.01166747690811862,[0.00238101],1.3275862068965518,[0.48851515],0.0,0.0,22.0,[0.]
440,newfstat mmap,1.0,[0.],1.0,[0.],1.0,[0.],109.6,[5.16333226]
214,newfstat mmap close,0.9958898660891855,[0.00030075],0.9913793103448276,[0.00862069],1.0,[0.],1.0,[0.]
199,newfstat mmap fcntl,0.0,0.0,0.0,0.0,0.0,0.0,0.6,[0.4]
265,newfstat mmap mmap,0.004110133910814513,[0.00030075],0.008620689655172414,[0.00862069],0.0,0.0,0.2,[0.2]
203,newfstat mmap newstat,0.0,0.0,0.0,0.0,0.0,0.0,107.8,[4.88262225]
65,newfstat newfstat,0.0,0.0,0.0,0.0,0.0,0.0,328.8,[15.37335357]
75,newfstat newfstat mmap,0.0,0.0,0.0,0.0,0.0,0.0,108.6,[5.16333226]
173,newfstat newfstat newfstat,0.0,0.0,0.0,0.0,0.0,0.0,219.2,[10.24890238]
89,newfstat newfstat read,0.0,0.0,0.0,0.0,0.0,0.0,1.0,[0.31622777]
62,newfstat read,1.0005303398594598,[0.00010823],1.0603448275862069,[0.02220523],1.0,[0.],3.0,[0.31622777]
281,newfstat read read,1.0005303398594598,[0.00010823],1.0603448275862069,[0.02220523],1.0,[0.],3.0,[0.31622777]
187,newlstat,0.1406505502276042,[0.0159384],5.577586206896552,[1.91318909],6.444444444444445,[4.66129699],179.8,[6.22414653]
344,newlstat newlstat,0.017677995315331242,[0.00174304],3.336206896551724,[1.12734473],3.7777777777777777,[2.46083968],70.2,[4.39772669]
80,newlstat newlstat newlstat,0.008220267821629027,[0.00095531],2.3620689655172415,[0.7905359],2.6666666666666665,[1.67852921],46.8,[3.33766385]
91,newlstat newlstat newstat,0.009457727493702214,[0.00096321],0.9741379310344828,[0.33876511],1.1111111111111112,[0.78757996],0.0,0.0
492,newlstat newlstat open,0.0,0.0,0.0,0.0,0.0,0.0,23.4,[1.07703296]
388,newlstat newstat,0.12297255491227295,[0.01471876],2.2413793103448274,[0.80446847],2.6666666666666665,[2.22253966],0.0,0.0
164,newlstat newstat access,0.006341980819375083,[0.00062937],0.14655172413793102,[0.04457749],0.05555555555555555,[0.05555556],0.0,0.0
92,newlstat newstat nanosleep,0.0009501922481990542,[0.00014484],0.008620689655172414,[0.00862069],0.0,0.0,0.0,0.0
248,newlstat newstat newlstat,0.099946966014054,[0.01312741],1.8793103448275863,[0.72035673],2.4166666666666665,[2.13711532],0.0,0.0
1,newlstat newstat newstat,0.013943518804967516,[0.00184701],0.20689655172413793,[0.06652348],0.19444444444444445,[0.09611042],0.0,0.0
397,newlstat newstat sendto,0.0017898970256772881,[0.00022843],0.0,0.0,0.0,0.0,0.0,0.0
412,newlstat open,0.0,0.0,0.0,0.0,0.0,0.0,109.6,[5.12445119]
402,newlstat open newfstat,0.0,0.0,0.0,0.0,0.0,0.0,109.4,[5.07543102]
159,newlstat open open,0.0,0.0,0.0,0.0,0.0,0.0,0.2,[0.2]
284,newstat,5.6729128916780835,[0.07449635],50.258620689655174,[13.97196873],14.472222222222221,[3.05205788],753.6,[9.97797575]
466,newstat access,3.0202192071419103,[0.00170375],3.2241379310344827,[0.10467785],3.0555555555555554,[0.03871845],0.8,[0.37416574]
270,newstat access access,1.0122862067441551,[0.00067214],1.2586206896551724,[0.08581621],1.1388888888888888,[0.07074185],0.0,0.0
205,newstat access nanosleep,6.629248243249216e-05,[3.82731368e-05],0.0,0.0,0.0,0.0,0.0,0.0
34,newstat access newlstat,0.004331108852256154,[0.00048067],0.017241379310344827,[0.01213837],0.0,0.0,0.2,[0.2]
464,newstat access newstat,0.012683961638750166,[0.00106224],0.1896551724137931,[0.07735682],0.19444444444444445,[0.06689775],0.0,0.0
229,newstat access sendto,0.9922216820612543,[0.00041885],0.8793103448275862,[0.03037786],0.7777777777777778,[0.07027284],0.0,0.0
314,newstat access socket,0.9986299553630619,[0.00017388],0.8793103448275862,[0.03037786],0.9444444444444444,[0.03871845],0.6,[0.24494897]
384,newstat brk,0.0005303398594599373,[0.00010823],0.0603448275862069,[0.02220523],0.0,0.0,1.0,[0.]
476,newstat brk mmap,0.0005303398594599373,[0.00010823],0.0603448275862069,[0.02220523],0.0,0.0,1.0,[0.]
337,newstat fcntl,0.0,0.0,0.0,0.0,0.0,0.0,101.4,[4.92544414]
409,newstat fcntl brk,0.0,0.0,0.0,0.0,0.0,0.0,0.2,[0.2]
101,newstat fcntl fcntl,0.0,0.0,0.0,0.0,0.0,0.0,101.2,[4.81040539]
249,newstat mmap,0.0005303398594599373,[0.00010823],0.0603448275862069,[0.02220523],0.0,0.0,7.8,[1.46287388]
329,newstat mmap brk,0.0005303398594599373,[0.00010823],0.0603448275862069,[0.02220523],0.0,0.0,1.0,[0.]
2,newstat mmap madvise,0.0,0.0,0.0,0.0,0.0,0.0,5.8,[1.46287388]
429,newstat mmap munmap,0.0,0.0,0.0,0.0,0.0,0.0,1.0,[0.]
8,newstat nanosleep,0.001679409554956468,[0.00019248],0.008620689655172414,[0.00862069],0.0,0.0,0.0,0.0
250,newstat nanosleep nanosleep,0.001679409554956468,[0.00019248],0.008620689655172414,[0.00862069],0.0,0.0,0.0,0.0
119,newstat newlstat,0.1126751226410925,[0.01416898],2.043103448275862,[0.76057189],2.5,[2.16593394],1.0,[0.31622777]
35,newstat newlstat newlstat,0.005546471030185177,[0.00070144],0.8448275862068966,[0.31159585],1.0,[0.75592895],0.4,[0.24494897]
365,newstat newlstat newstat,0.10712865161090733,[0.01358072],1.1982758620689655,[0.46013814],1.5,[1.41561586],0.0,0.0
455,newstat newlstat open,0.0,0.0,0.0,0.0,0.0,0.0,0.6,[0.24494897]
498,newstat newstat,0.517501215362178,[0.06870295],41.4051724137931,[13.49717044],6.694444444444445,[1.44079974],618.6,[6.68281378]
256,newstat newstat access,0.013722543863525876,[0.00076245],0.29310344827586204,[0.07348392],0.9444444444444444,[0.07912663],0.0,0.0
4,newstat newstat fcntl,0.0,0.0,0.0,0.0,0.0,0.0,0.2,[0.2]
126,newstat newstat mmap,0.0,0.0,0.0,0.0,0.0,0.0,0.4,[0.24494897]
470,newstat newstat newlstat,0.009943872364873823,[0.00159158],0.08620689655172414,[0.04164706],0.08333333333333333,[0.06139903],0.4,[0.24494897]
479,newstat newstat newstat,0.4752287090643921,[0.0661112],39.58620689655172,[13.03487462],5.416666666666667,[1.37227363],596.4,[6.70522185]
18,newstat newstat open,0.013656251381093384,[0.00228469],1.2672413793103448,[0.46630992],0.0,0.0,21.2,[0.2]
221,newstat newstat sendto,0.0036018915454987407,[0.00037004],0.16379310344827586,[0.04231666],0.2222222222222222,[0.08078102],0.0,0.0
132,newstat newstat setitimer,0.0013479471427940073,[0.00017247],0.008620689655172414,[0.00862069],0.027777777777777776,[0.02777778],0.0,0.0
457,newstat open,1.0116674769081186,[0.00238101],2.3275862068965516,[0.48851515],1.0,[0.],23.0,[0.]
390,newstat open mmap,0.0005303398594599373,[0.00010823],0.0603448275862069,[0.02220523],0.0,0.0,0.0,0.0
377,newstat open newfstat,1.0086622177045124,[0.00227602],2.2586206896551726,[0.46659324],0.3611111111111111,[0.08118935],22.0,[0.]
183,newstat open open,0.0024749193441463736,[0.00023357],0.008620689655172414,[0.00862069],0.6388888888888888,[0.08118935],1.0,[0.]
55,newstat sendto,0.00698280814955584,[0.00059038],0.1810344827586207,[0.05136683],0.2222222222222222,[0.08078102],0.0,0.0
257,newstat sendto poll,0.00698280814955584,[0.00059038],0.1810344827586207,[0.05136683],0.2222222222222222,[0.08078102],0.0,0.0
352,newstat setitimer,0.9994696601405401,[0.00010823],0.9396551724137931,[0.02220523],1.0,[0.],0.0,0.0
152,newstat setitimer rt_sigaction,0.9994696601405401,[0.00010823],0.9396551724137931,[0.02220523],1.0,[0.],0.0,0.0
472,newstat writev,0.001657312060812304,[0.00019121],0.008620689655172414,[0.00862069],0.0,0.0,0.0,0.0
241,newstat writev chdir,0.0015910195783798116,[0.00018736],0.008620689655172414,[0.00862069],0.0,0.0,0.0,0.0
474,newstat writev writev,6.629248243249216e-05,[3.82731368e-05],0.0,0.0,0.0,0.0,0.0,0.0
27,open,5.040305829318955,[0.00274924],6.439655172413793,[0.51035584],7.055555555555555,[0.26108578],142.0,[5.65685425]
194,open access,1.0,[0.],1.0,[0.],1.0,[0.],1.0,[0.]
14,open access access,0.998254297962611,[0.00019624],0.9310344827586207,[0.02362925],1.0,[0.],0.6,[0.24494897]
356,open access newlstat,0.0009722897423432182,[0.00014651],0.0603448275862069,[0.02220523],0.0,0.0,0.4,[0.24494897]
234,open access newstat,0.0007734122950457418,[0.00013068],0.008620689655172414,[0.00862069],0.0,0.0,0.0,0.0
168,open mmap,0.0005303398594599373,[0.00010823],0.0603448275862069,[0.02220523],0.0,0.0,1.0,[0.]
291,open mmap newfstat,0.0005303398594599373,[0.00010823],0.0603448275862069,[0.02220523],0.0,0.0,1.0,[0.]
415,open newfstat,2.0116674769081184,[0.00238101],3.3275862068965516,[0.48851515],2.0,[0.],133.6,[5.12445119]
66,open newfstat getdents,0.01166747690811862,[0.00238101],1.3275862068965518,[0.48851515],0.0,0.0,22.0,[0.]
44,open newfstat mmap,1.0,[0.],1.0,[0.],1.0,[0.],1.0,[0.]
374,open newfstat newfstat,0.0,0.0,0.0,0.0,0.0,0.0,109.6,[5.12445119]
41,open newfstat read,1.0,[0.],1.0,[0.],1.0,[0.],1.0,[0.]
120,open open,1.0281080125513766,[0.00113459],1.0517241379310345,[0.02960213],3.0555555555555554,[0.26108578],5.4,[1.4]
167,open open access,0.0024528218500022097,[0.00023253],0.0,0.0,0.0,0.0,0.0,0.0
237,open open mmap,0.0,0.0,0.0,0.0,0.0,0.0,1.0,[0.]
405,open open newfstat,0.008308657798205683,[0.00042671],0.02586206896551724,[0.01480106],0.6388888888888888,[0.08118935],0.2,[0.2]
496,open open open,0.01734653290316878,[0.00074656],0.02586206896551724,[0.01480106],1.4166666666666667,[0.18845655],3.2,[1.2]
226,open open sendto,1.0,[0.],1.0,[0.],1.0,[0.],1.0,[0.]
166,open sendto,1.0,[0.],1.0,[0.],1.0,[0.],1.0,[0.]
219,open sendto poll,0.996486498431078,[0.00027815],1.0,[0.],0.9722222222222222,[0.02777778],1.0,[0.]
32,open sendto sendto,0.0035135015689220844,[0.00027815],0.0,0.0,0.027777777777777776,[0.02777778],0.0,0.0
319,poll,94.90820700932514,[0.06496408],99.1896551724138,[1.32255907],101.5,[1.29559694],102.8,[5.16139516]
245,poll poll,56.908207009325146,[0.06496408],61.189655172413794,[1.32255907],63.5,[1.29559694],64.8,[5.16139516]
488,poll poll poll,37.98174746983692,[0.04347199],40.87931034482759,[0.88576576],42.388888888888886,[0.86398649],43.2,[3.44093011]
22,poll poll read,0.9859901887126,[0.0005525],0.9913793103448276,[0.00862069],0.9166666666666666,[0.04671766],1.0,[0.]
495,poll poll recvfrom,17.940469350775622,[0.02153426],19.31896551724138,[0.43525297],20.194444444444443,[0.43792339],20.6,[1.72046505]
435,poll read,1.0,[0.],1.0,[0.],1.0,[0.],1.0,[0.]
298,poll read read,0.0027621867680205064,[0.00024672],0.008620689655172414,[0.00862069],0.0,0.0,0.0,0.0
260,poll recvfrom,37.0,[0.],37.0,[0.],37.0,[0.],37.0,[0.]
103,poll recvfrom access,6.989326910328368,[0.00054481],6.724137931034483,[0.05418914],6.833333333333333,[0.06299408],4.2,[0.2]
110,poll recvfrom mmap,0.0015910195783798116,[0.00032468],0.1810344827586207,[0.0666157],0.0,0.0,2.0,[0.]
36,poll recvfrom newlstat,0.0010827772130640385,[0.0001546],0.06896551724137931,[0.02362925],0.027777777777777776,[0.02777778],1.8,[0.2]
204,poll recvfrom newstat,0.002629601803155522,[0.0002853],0.06896551724137931,[0.02661328],0.0,0.0,0.0,0.0
373,poll recvfrom open,0.9988730277986476,[0.00015772],1.0,[0.],1.0,[0.],1.0,[0.]
313,poll recvfrom poll,10.993238166791885,[0.00038777],10.982758620689655,[0.01213837],10.916666666666666,[0.04671766],11.0,[0.]
403,poll recvfrom recvfrom,0.02779864763335838,[0.00079645],0.0603448275862069,[0.02220523],0.5277777777777778,[0.10900787],0.0,0.0
342,poll recvfrom sendto,16.9869403809608,[0.00054276],16.974137931034484,[0.01480106],16.694444444444443,[0.08746377],17.0,[0.]
129,poll recvfrom writev,0.998519467892341,[0.00018074],0.9396551724137931,[0.02220523],1.0,[0.],0.0,0.0
449,read,5.015379855924338,[0.00098162],5.413793103448276,[0.13528191],6.805555555555555,[0.3207616],23.6,[2.58069758]
251,read close,1.0005303398594598,[0.00010823],1.0603448275862069,[0.02220523],1.0,[0.],2.0,[0.]
387,read close mmap,0.0005303398594599373,[0.00010823],0.0603448275862069,[0.02220523],0.0,0.0,1.0,[0.]
399,read close newstat,1.0,[0.],1.0,[0.],1.0,[0.],1.0,[0.]
6,read fcntl,0.0,0.0,0.0,0.0,0.0,0.0,1.0,[0.31622777]
156,read fcntl fcntl,0.0,0.0,0.0,0.0,0.0,0.0,1.0,[0.31622777]
102,read newstat,1.0,[0.],1.0,[0.],1.0,[0.],1.0,[0.]
211,read newstat newstat,0.002519114332434702,[0.00023564],0.0,0.0,0.0,0.0,0.0,0.0
145,read newstat open,0.9974808856675653,[0.00023564],1.0,[0.],1.0,[0.],1.0,[0.]
116,read read,2.0148495160648783,[0.00091379],2.353448275862069,[0.11371755],3.8055555555555554,[0.3207616],18.6,[2.29346899]
180,read read close,1.0005303398594598,[0.00010823],1.0603448275862069,[0.02220523],1.0,[0.],2.0,[0.]
123,read read fcntl,0.0,0.0,0.0,0.0,0.0,0.0,1.0,[0.31622777]
274,read read newstat,0.001657312060812304,[0.00019121],0.017241379310344827,[0.01213837],0.0,0.0,0.0,0.0
239,read read read,1.0098996773765856,[0.00065908],1.2672413793103448,[0.08944084],2.8055555555555554,[0.3207616],15.6,[2.01494417]
309,recvfrom,37.05590666018473,[0.00160548],37.12068965517241,[0.04441047],38.72222222222222,[0.3707802],37.0,[0.]
447,recvfrom access,6.99522694126486,[0.00040924],6.741379310344827,[0.05354129],6.972222222222222,[0.02777778],4.2,[0.2]
477,recvfrom access access,5.001723604543245,[0.00066729],4.732758620689655,[0.05524616],5.055555555555555,[0.05555556],2.8,[0.2]
422,recvfrom access newlstat,0.0,0.0,0.0,0.0,0.0,0.0,1.2,[0.2]
396,recvfrom access newstat,0.005082423653157732,[0.00046291],0.0603448275862069,[0.03070582],0.027777777777777776,[0.02777778],0.0,0.0
451,recvfrom access sendto,0.9960003535599063,[0.0002967],0.9568965517241379,[0.01893824],0.9722222222222222,[0.02777778],0.0,0.0
258,recvfrom access writev,0.9924205595085517,[0.0004077],0.9913793103448276,[0.00862069],0.9166666666666666,[0.04671766],0.2,[0.2]
23,recvfrom mmap,0.0015910195783798116,[0.00032468],0.1810344827586207,[0.0666157],0.0,0.0,2.0,[0.]
269,recvfrom mmap access,0.0010606797189198745,[0.00021646],0.1206896551724138,[0.04441047],0.0,0.0,1.0,[0.]
499,recvfrom mmap mmap,0.0005303398594599373,[0.00010823],0.0603448275862069,[0.02220523],0.0,0.0,1.0,[0.]
197,recvfrom newlstat,0.0010827772130640385,[0.0001546],0.06896551724137931,[0.02362925],0.027777777777777776,[0.02777778],1.8,[0.2]
286,recvfrom newlstat newlstat,8.838997657665621e-05,[4.41935233e-05],0.04310344827586207,[0.01893824],0.027777777777777776,[0.02777778],0.8,[0.37416574]
88,recvfrom newlstat newstat,0.0009943872364873824,[0.00014816],0.02586206896551724,[0.01480106],0.0,0.0,0.0,0.0
331,recvfrom newlstat open,0.0,0.0,0.0,0.0,0.0,0.0,1.0,[0.31622777]
111,recvfrom newstat,0.002629601803155522,[0.0002853],0.06896551724137931,[0.02661328],0.0,0.0,0.0,0.0
71,recvfrom newstat access,0.001679409554956468,[0.000195],0.008620689655172414,[0.00862069],0.0,0.0,0.0,0.0
5,recvfrom newstat newlstat,2.2097494144164052e-05,[2.20974941e-05],0.0,0.0,0.0,0.0,0.0,0.0
317,recvfrom newstat newstat,0.0009280947540548902,[0.00014314],0.0603448275862069,[0.02220523],0.0,0.0,0.0,0.0
24,recvfrom open,1.0,[0.],1.0,[0.],1.0,[0.],1.0,[0.]
380,recvfrom open newfstat,0.9941662615459407,[0.000358],0.9827586206896551,[0.01213837],1.0,[0.],1.0,[0.]
419,recvfrom open open,0.00583373845405931,[0.000358],0.017241379310344827,[0.01213837],0.0,0.0,0.0,0.0
142,recvfrom poll,11.0,[0.],11.0,[0.],11.0,[0.],11.0,[0.]
358,recvfrom poll recvfrom,11.0,[0.],11.0,[0.],11.0,[0.],11.0,[0.]
70,recvfrom recvfrom,0.05590666018473505,[0.00160548],0.1206896551724138,[0.04441047],1.7222222222222223,[0.3707802],0.0,0.0
486,recvfrom recvfrom access,0.005900030936491802,[0.00036137],0.017241379310344827,[0.01213837],0.1388888888888889,[0.05845603],0.0,0.0
99,recvfrom recvfrom open,0.0011269722013523666,[0.00015772],0.0,0.0,0.0,0.0,0.0,0.0
170,recvfrom recvfrom poll,0.0067618332081141996,[0.00038777],0.017241379310344827,[0.01213837],0.08333333333333333,[0.04671766],0.0,0.0
213,recvfrom recvfrom recvfrom,0.028108012551376675,[0.0008132],0.0603448275862069,[0.02220523],1.1944444444444444,[0.26672453],0.0,0.0
231,recvfrom recvfrom sendto,0.013059619039200955,[0.00054276],0.02586206896551724,[0.01480106],0.3055555555555556,[0.08746377],0.0,0.0
217,recvfrom recvfrom writev,0.0009501922481990542,[0.00014484],0.0,0.0,0.0,0.0,0.0,0.0
186,recvfrom sendto,17.0,[0.],17.0,[0.],17.0,[0.],17.0,[0.]
279,recvfrom sendto poll,16.974919344146375,[0.00075668],16.982758620689655,[0.01213837],16.97222222222222,[0.02777778],17.0,[0.]
181,recvfrom sendto sendto,0.025080655853626198,[0.00075668],0.017241379310344827,[0.01213837],0.027777777777777776,[0.02777778],0.0,0.0
381,recvfrom writev,0.9994696601405401,[0.00010823],0.9396551724137931,[0.02220523],1.0,[0.],0.0,0.0
98,recvfrom writev sendto,0.9572855438193308,[0.00095057],0.8620689655172413,[0.03215534],0.8888888888888888,[0.05312127],0.0,0.0
264,recvfrom writev writev,0.04218411632120918,[0.00094491],0.07758620689655173,[0.02494631],0.1111111111111111,[0.05312127],0.0,0.0
427,rt_sigaction,1.0,[0.],1.0,[0.],1.0,[0.],1.0,[0.]
483,rt_sigaction rt_sigprocmask,1.0,[0.],1.0,[0.],1.0,[0.],1.0,[0.]
354,rt_sigaction rt_sigprocmask getcwd,0.9994696601405401,[0.00010823],0.9396551724137931,[0.02220523],1.0,[0.],0.0,0.0
491,rt_sigaction rt_sigprocmask mmap,0.0005303398594599373,[0.00010823],0.0603448275862069,[0.02220523],0.0,0.0,1.0,[0.]
315,rt_sigprocmask,1.0,[0.],1.0,[0.],1.0,[0.],1.0,[0.]
112,rt_sigprocmask getcwd,0.9994696601405401,[0.00010823],0.9396551724137931,[0.02220523],1.0,[0.],0.0,0.0
484,rt_sigprocmask getcwd chdir,0.9988951252927918,[0.00015617],0.9396551724137931,[0.02220523],1.0,[0.],0.0,0.0
232,rt_sigprocmask getcwd getcwd,0.0005745348477482654,[0.00011264],0.0,0.0,0.0,0.0,0.0,0.0
37,rt_sigprocmask mmap,0.0005303398594599373,[0.00010823],0.0603448275862069,[0.02220523],0.0,0.0,1.0,[0.]
131,rt_sigprocmask mmap getcwd,0.0005303398594599373,[0.00010823],0.0603448275862069,[0.02220523],0.0,0.0,1.0,[0.]
227,sendto,26.09488663985504,[0.00213384],26.086206896551722,[0.03787648],26.11111111111111,[0.07743689],26.4,[0.4]
15,sendto close,1.0,[0.],1.0,[0.],1.0,[0.],1.0,[0.]
395,sendto close fcntl,1.0,[0.],1.0,[0.],1.0,[0.],1.0,[0.]
134,sendto poll,25.0,[0.],25.0,[0.],25.0,[0.],25.0,[0.]
346,sendto poll poll,17.040040659389224,[0.02132267],18.482758620689655,[0.4302091],19.194444444444443,[0.43792339],19.6,[1.72046505]
210,sendto poll recvfrom,7.959959340610775,[0.02132267],6.517241379310345,[0.4302091],5.805555555555555,[0.43792339],5.4,[1.72046505]
303,sendto sendto,0.09488663985504044,[0.00213384],0.08620689655172414,[0.03787648],0.1111111111111111,[0.07743689],0.4,[0.4]
322,sendto sendto close,0.0020329694612630927,[0.00021174],0.008620689655172414,[0.00862069],0.0,0.0,0.0,0.0
176,sendto sendto poll,0.04479162063022053,[0.0010242],0.034482758620689655,[0.01701501],0.05555555555555555,[0.03871845],0.2,[0.2]
113,sendto sendto sendto,0.04806204976355681,[0.00110012],0.04310344827586207,[0.01893824],0.05555555555555555,[0.03871845],0.2,[0.2]
262,setitimer,4.0,[0.],4.0,[0.],4.0,[0.],4.0,[0.]
473,setitimer fcntl,1.0,[0.],1.0,[0.],1.0,[0.],0.8,[0.2]
360,setitimer fcntl access,0.9973262032085561,[0.00024275],0.9913793103448276,[0.00862069],0.9722222222222222,[0.02777778],0.8,[0.2]
175,setitimer fcntl fcntl,0.000839704777478234,[0.00013616],0.008620689655172414,[0.00862069],0.0,0.0,0.0,0.0
335,setitimer fcntl newlstat,0.0009501922481990542,[0.00014484],0.0,0.0,0.027777777777777776,[0.02777778],0.0,0.0
13,setitimer fcntl newstat,0.0008838997657665621,[0.0001397],0.0,0.0,0.0,0.0,0.0,0.0
128,setitimer newlstat,0.0,0.0,0.0,0.0,0.0,0.0,0.2,[0.2]
77,setitimer newlstat newlstat,0.0,0.0,0.0,0.0,0.0,0.0,0.2,[0.2]
169,setitimer rt_sigaction,1.0,[0.],1.0,[0.],1.0,[0.],1.0,[0.]
0,setitimer rt_sigaction rt_sigprocmask,1.0,[0.],1.0,[0.],1.0,[0.],1.0,[0.]
138,setitimer sendto,1.0,[0.],1.0,[0.],1.0,[0.],1.0,[0.]
147,setitimer sendto close,0.9979670305387369,[0.00021174],0.9913793103448276,[0.00862069],1.0,[0.],1.0,[0.]
247,setitimer sendto sendto,0.0020329694612630927,[0.00021174],0.008620689655172414,[0.00862069],0.0,0.0,0.0,0.0
86,setitimer writev,1.0,[0.],1.0,[0.],1.0,[0.],1.0,[0.]
97,setitimer writev write,0.9606443629292438,[0.00091403],0.9396551724137931,[0.02220523],0.8611111111111112,[0.05845603],0.8,[0.2]
389,setitimer writev writev,0.03935563707075618,[0.00091403],0.0603448275862069,[0.02220523],0.1388888888888889,[0.05845603],0.2,[0.2]
475,shutdown,1.0031378441684713,[0.00037211],1.0,[0.],1.0,[0.],1.0,[0.]
320,shutdown poll,1.0,[0.],1.0,[0.],1.0,[0.],1.0,[0.]
432,shutdown poll poll,0.9859901887126,[0.0005525],0.9913793103448276,[0.00862069],0.9166666666666666,[0.04671766],1.0,[0.]
465,shutdown poll read,0.014009811287400009,[0.0005525],0.008620689655172414,[0.00862069],0.08333333333333333,[0.04671766],0.0,0.0
259,shutdown shutdown,0.0031378441684712954,[0.00037211],0.0,0.0,0.0,0.0,0.0,0.0
157,shutdown shutdown poll,0.0015689220842356477,[0.00018605],0.0,0.0,0.0,0.0,0.0,0.0
280,shutdown shutdown shutdown,0.0015689220842356477,[0.00018605],0.0,0.0,0.0,0.0,0.0,0.0
417,socket,1.0087948026693774,[0.00063759],1.0,[0.],1.1111111111111112,[0.07743689],1.0,[0.]
57,socket fcntl,1.0,[0.],1.0,[0.],1.0,[0.],1.0,[0.]
182,socket fcntl fcntl,1.0,[0.],1.0,[0.],1.0,[0.],1.0,[0.]
341,socket socket,0.008794802669377292,[0.00063759],0.0,0.0,0.1111111111111111,[0.07743689],0.0,0.0
171,socket socket fcntl,0.004286913863967826,[0.00030713],0.0,0.0,0.05555555555555555,[0.03871845],0.0,0.0
107,socket socket socket,0.004507888805409466,[0.00033737],0.0,0.0,0.05555555555555555,[0.03871845],0.0,0.0
406,sysinfo,0.0005303398594599373,[0.00010823],0.0603448275862069,[0.02220523],0.0,0.0,1.0,[0.]
453,sysinfo newstat,0.0005303398594599373,[0.00010823],0.0603448275862069,[0.02220523],0.0,0.0,1.0,[0.]
460,sysinfo newstat newstat,0.0005303398594599373,[0.00010823],0.0603448275862069,[0.02220523],0.0,0.0,1.0,[0.]
220,times,1.0,[0.],1.0,[0.],1.0,[0.],1.0,[0.]
216,times shutdown,1.0,[0.],1.0,[0.],1.0,[0.],1.0,[0.]
336,times shutdown poll,0.9984310779157644,[0.00018605],1.0,[0.],1.0,[0.],1.0,[0.]
25,times shutdown shutdown,0.0015689220842356477,[0.00018605],0.0,0.0,0.0,0.0,0.0,0.0
100,write,1.0488133645644584,[0.00182773],2.3275862068965516,[0.14579352],1.0833333333333333,[0.08333333],1.6,[0.6]
242,write times,1.0,[0.],1.0,[0.],1.0,[0.],1.0,[0.]
468,write times shutdown,1.0,[0.],1.0,[0.],1.0,[0.],1.0,[0.]
39,write write,0.04881336456445839,[0.00182773],1.3275862068965518,[0.14579352],0.08333333333333333,[0.08333333],0.6,[0.6]
51,write write times,0.01772219030361957,[0.00062023],0.43103448275862066,[0.04617959],0.027777777777777776,[0.02777778],0.2,[0.2]
364,write write write,0.031091174260838822,[0.00126735],0.896551724137931,[0.10125103],0.05555555555555555,[0.05555556],0.4,[0.4]
48,writev,3.2631369602687057,[0.00373932],3.7413793103448274,[0.17234631],4.666666666666667,[0.62360956],3.8,[0.48989795]
461,writev chdir,1.0,[0.],1.0,[0.],1.0,[0.],1.0,[0.]
426,writev chdir chdir,0.0020550669554072567,[0.00021288],0.0,0.0,0.0,0.0,0.0,0.0
351,writev chdir setitimer,0.9979449330445928,[0.00021288],1.0,[0.],1.0,[0.],1.0,[0.]
38,writev sendto,1.0,[0.],1.0,[0.],1.0,[0.],1.0,[0.]
177,writev sendto poll,0.9981217129977461,[0.00020354],1.0,[0.],1.0,[0.],1.0,[0.]
50,writev sendto sendto,0.0018782870022539444,[0.00020354],0.0,0.0,0.0,0.0,0.0,0.0
437,writev write,1.0,[0.],1.0,[0.],1.0,[0.],1.0,[0.]
431,writev write times,0.9822778096963805,[0.00062023],0.5689655172413793,[0.04617959],0.9722222222222222,[0.02777778],0.8,[0.2]
190,writev write write,0.01772219030361957,[0.00062023],0.43103448275862066,[0.04617959],0.027777777777777776,[0.02777778],0.2,[0.2]
154,writev writev,0.26313696026870553,[0.00373932],0.7413793103448276,[0.17234631],1.6666666666666667,[0.62360956],0.8,[0.48989795]
184,writev writev chdir,0.04755380739824104,[0.00100044],0.09482758620689655,[0.02732021],0.2222222222222222,[0.07027284],0.0,0.0
350,writev writev sendto,0.04220621381535334,[0.00094515],0.08620689655172414,[0.02617255],0.1111111111111111,[0.05312127],0.2,[0.2]
261,writev writev write,0.03935563707075618,[0.00091403],0.0603448275862069,[0.02220523],0.1388888888888889,[0.05845603],0.2,[0.2]
372,writev writev writev,0.13402130198435497,[0.00195464],0.5,[0.13879974],1.1944444444444444,[0.56879076],0.4,[0.24494897]
