15671_12_1558061207231982016,0,3717694,62068138,0,186275931,0,22059203,0,0,0,274120966
15671_12_1558061207506130885,0,1358789,18064334,0,23180564,0,42809711,0,0,0,85413398
15671_12_1558061207591572378,0,1309615,18583732,0,12147559,0,51243515,0,0,0,83284421
15671_12_1558061207674877525,0,1302100,18761232,0,21068856,0,10871893,0,0,0,52004081
15671_12_1558061207726905963,0,1284599,18158367,0,22388013,0,12239501,0,0,0,54070480
15671_12_1558061207780999646,0,1315258,18241697,0,18085028,0,15350326,0,0,0,52992309
15671_12_1558061207834017979,0,1251665,17543141,0,68514690,0,32027508,0,0,0,119337004
15671_12_1558061207953375694,0,1151064,17605231,0,81096616,0,26335243,0,0,0,126188154
15671_12_1558061208079592003,0,1444104,19045622,0,52130363,0,52214007,0,0,0,124834096
15671_12_1558061208204472298,0,1213327,17996161,0,78081066,0,17893702,0,0,0,115184256
15671_12_1558061208396093741,0,1314828,17415054,0,2231342,0,39126275,0,0,0,60087499
15671_12_1558061208506306682,0,1231238,18218804,0,101013138,0,33431881,0,0,0,153895061
15671_12_1558061208732223133,0,1184762,17701321,0,43259139,0,15303883,0,0,0,77449105
15671_12_1558061208844772940,0,1372265,19515045,0,42588073,0,24514159,0,0,0,87989542
15671_12_1558061208974955691,0,1148932,18363723,0,78656510,0,13454158,0,0,0,111623323
15671_12_1558061209144502845,0,1333211,19115660,0,48992725,0,40936531,0,0,0,110378127
15671_12_1558061209254904721,0,1245193,18790338,0,81217775,0,15726852,0,0,0,116980158
15671_12_1558061209395952435,0,1333246,19711730,0,53094455,0,31729772,0,0,0,105869203
15671_12_1558061209539751225,0,1239420,18358666,0,81114881,0,22636908,0,0,0,123349875
15671_12_1558061209724103057,0,1185608,17979987,0,65422608,0,17255833,0,0,0,101844036
15671_12_1558061209880092317,0,1396475,19560217,0,142596430,0,18073019,0,0,0,181626141
15671_12_1558061210121444217,0,1325049,18451706,0,72317726,0,24077756,0,0,0,116172237
15671_12_1558061210286102741,0,1360022,19744196,0,94101504,0,10330258,0,0,0,125535980
15671_12_1558061210465337164,0,1566731,20195889,0,73359635,0,18679555,0,0,0,113801810
15671_12_1558061210623310095,0,1411556,22715430,0,82498114,0,14714423,0,0,0,121339523
15671_12_1558061210802221492,0,1262514,20581101,0,103684153,0,9120317,0,0,0,134648085
15671_12_1558061211068625743,0,1383615,20742052,0,116773804,0,22801521,0,0,0,161700992
15671_12_1558061211279943174,0,1285779,18609592,0,92815785,0,11146375,0,0,0,123857531
15671_12_1558061211499744657,0,1489721,19205714,0,64368168,0,27579021,0,0,0,112642624
15671_12_1558061211675212631,0,1528755,22368843,0,36206650,0,25698571,0,0,0,85802819
15671_12_1558061211761039266,0,1324041,21113728,0,237399969,0,30945203,0,0,0,290782941
15671_12_1558061212123907198,0,1519018,18161238,0,52823637,0,27284831,0,0,0,99788724
15671_12_1558061212223722508,0,1274447,20737010,0,130592801,0,9662750,0,0,0,162267008
15671_12_1558061212416854980,0,1483943,21235174,0,69164099,0,22540656,0,0,0,114423872
15671_12_1558061212565042473,0,1402374,20742713,0,108052120,0,8388671,0,0,0,138585878
15671_12_1558061212735646118,0,1626394,21251733,0,135542000,0,21706772,0,0,0,180126899
15671_12_1558061212940060636,0,1280832,20621063,0,137437276,0,19948130,0,0,0,179287301
15671_12_1558061213171469396,0,1445784,20239814,0,78600736,0,24677400,0,0,0,124963734
15671_12_1558061213352677772,0,1357308,19610196,0,62625369,0,23595549,0,0,0,107188422
15671_12_1558061213504590515,0,1268805,19549918,0,77694984,0,15790776,0,0,0,114304483
15671_12_1558061213675672289,0,1355788,19970037,0,49690186,0,13237784,0,0,0,84253795
15671_12_1558061213895806140,0,1625299,20050936,0,32145950,0,37630608,0,0,0,91452793
15671_12_1558061214087012353,0,1282765,19563758,0,48015093,0,19930566,0,0,0,88792182
15671_12_1558061214218325004,0,1398581,21631074,0,69017387,0,24165166,0,0,0,116212208
15671_12_1558061214338878890,0,1359617,20872279,0,108409548,0,16207791,0,0,0,146849235
15671_12_1558061214541438880,0,1344181,20688250,0,19007849,0,16661947,0,0,0,57702227
15671_12_1558061214690452495,0,1440340,20492798,0,46023823,0,19379672,0,0,0,87336633
15671_12_1558061214826253145,0,1427460,22364465,0,84062663,0,24430859,0,0,0,132285447
15671_12_1558061215042842260,0,1466777,20923990,0,40917667,0,20682507,0,0,0,83990941
15671_12_1558061215163078954,0,1223157,20022967,0,41568080,0,12749656,0,0,0,75563860
15671_12_1558061215287981591,0,1397833,21428630,0,98949435,0,21454293,0,0,0,143230191
15671_12_1558061215476126531,0,1518615,22577150,0,161436962,0,40151298,0,0,0,225684025
15671_12_1558061215701887659,0,1437321,19886319,0,92259336,0,24888343,0,0,0,138471319
15671_12_1558061215875172785,0,1233842,19829490,0,101688097,0,40797958,0,0,0,163549387
15671_12_1558061216084016356,0,1379062,20264704,0,42400592,0,23715744,0,0,0,87760102
15671_12_1558061216219843945,0,1241825,18843006,0,59475809,0,14062039,0,0,0,93622679
15671_12_1558061216370771606,0,1372548,18631172,0,53624763,0,17720952,0,0,0,91349435
15671_12_1558061216487786469,0,1325196,21030404,0,88894703,0,13937530,0,0,0,125187833
15671_12_1558061216613024418,0,1438180,23078344,0,152413948,0,10823069,0,0,0,187753541
15671_12_1558061216849029633,0,1437513,20797584,0,124071307,0,20334718,0,0,0,166641122
15671_12_1558061217041915653,0,1288544,19338860,0,99914916,0,28111380,0,0,0,148653700
15671_12_1558061217277039212,0,1363428,18215977,0,21221698,0,30319062,0,0,0,71120165
15671_12_1558061217422257283,0,1434616,19853679,0,43482565,0,26134915,0,0,0,90905775
15671_12_1558061217513194080,0,1447286,21365286,0,94980682,0,16287857,0,0,0,134081111
15671_12_1558061217686914978,0,1267657,19349920,0,91044542,0,21191823,0,0,0,132853942
15671_12_1558061217874208200,0,1340873,20046103,0,39917210,49768,13906876,0,0,0,75260830
15671_12_1558061217949490438,0,1385326,21423533,0,115950598,0,13030168,0,0,0,151789625
15671_12_1558061218101306961,0,1431760,20534421,0,146959244,0,7573933,0,0,0,176499358
15671_12_1558061218277864987,0,1337996,20078461,0,40113228,0,12466395,0,0,0,73996080
15671_12_1558061218407819187,0,1450223,21893040,0,74947468,0,12602215,0,0,0,110892946
15671_12_1558061218588016917,0,1327308,20946903,0,93936661,0,11503199,0,0,0,127714071
15671_12_1558061218715760312,0,1102823,18971815,0,116488541,0,2976447,0,0,0,139539626
15671_12_1558061218855331805,0,1412765,22076566,0,113700073,0,11258415,0,0,0,148447819
15671_12_1558061219003852549,0,1637168,22041248,0,111527670,0,12259002,0,0,0,147465088
15671_12_1558061219151343431,0,1527558,22699319,0,131022596,46276,44613003,0,0,0,199908752
15671_12_1558061219400025056,0,1480715,20930367,0,113085984,0,50670352,0,0,0,186167418
15671_12_1558061219619415991,0,1441372,20717601,0,75977504,0,66003996,0,0,0,164140473
15671_12_1558061219828140980,0,1532642,20852804,0,104923369,0,29561927,0,0,0,156870742
15671_12_1558061220049049625,0,1455365,20593586,0,59127037,0,16975169,0,0,0,98151157
15671_12_1558061220147222547,0,1323476,21076776,0,137459517,0,21045995,0,0,0,180905764
15671_12_1558061220386112951,0,1231441,20539167,0,74634766,0,15820920,0,0,0,112226294
15671_12_1558061220579129233,0,1451760,20268679,0,62871627,0,19441886,0,0,0,104033952
15671_12_1558061220716478974,0,1151358,18032321,0,105677000,0,33437158,0,0,0,158297837
15671_12_1558061220916078057,0,1473637,20823154,0,140872879,0,16036098,0,0,0,179205768
15671_12_1558061221143126332,0,1222151,18633397,0,72703525,0,14328720,0,0,0,106887793
15671_12_1558061221288025183,0,1525231,21069950,0,103333083,0,21491967,0,0,0,147420231
15671_12_1558061221471992337,0,1403062,19622800,0,64221418,0,20942887,0,0,0,106190167
15671_12_1558061221604211587,0,1243539,19991530,0,120350405,0,10077806,0,0,0,151663280
15671_12_1558061221797413203,0,1449477,22238375,0,72741391,0,23028007,0,0,0,119457250
15671_12_1558061222008558452,0,1276312,18945855,0,36684409,0,15696783,0,0,0,72603359
15671_12_1558061222143824884,0,1175237,19216480,0,92730361,0,7531954,0,0,0,120654032
15671_12_1558061222264507728,0,1413269,20357201,0,163662489,0,13774793,0,0,0,199207752
15671_12_1558061222524021296,0,1300348,19628066,0,86737997,0,6413213,0,0,0,114079624
15671_12_1558061222664076660,0,1396399,20775103,0,80906233,0,12531218,0,0,0,115608953
15671_12_1558061222920454009,0,1339203,18040263,0,27009492,0,15966111,0,0,0,62355069
15671_12_1558061223015416588,0,1149673,16769048,0,64695817,0,20264618,0,0,0,102879156
15671_12_1558061223118316491,0,1319803,20417759,0,149285075,0,8658160,0,0,0,179680797
15671_12_1558061223350018200,0,1492601,20929381,0,36995810,0,34088738,0,0,0,93506530
15671_12_1558061223443563729,0,1349159,19411217,0,125554852,0,11059602,0,0,0,157374830
15671_12_1558061223698702202,0,1302395,18221375,0,38048972,0,24319231,0,0,0,81891973
15671_12_1558061223839798047,0,1434836,21384025,0,65139168,0,16763047,0,0,0,104721076
15671_12_1558061223944537847,0,1195763,19295847,0,222316059,0,20509481,0,0,0,263317150
15671_12_1558061224248242324,0,1176621,18523124,0,86527387,0,18410428,0,0,0,124637560
15671_12_1558061224405038418,0,1324153,19887461,0,48696466,0,32615018,0,0,0,102523098
15671_12_1558061224559851176,0,1328028,21337113,0,74454968,0,14042532,0,0,0,111162641
15671_12_1558061224711583626,0,1235186,20163343,0,80518925,0,9456555,0,0,0,111374009
15671_12_1558061224822987808,0,1403330,21825967,0,231775440,0,38793529,0,0,0,293798266
15671_12_1558061225116872545,0,1400995,19549160,0,69650750,0,21025499,0,0,0,111626404
15671_12_1558061225253393375,0,1437536,20053954,0,98111413,0,77434702,0,0,0,197037605
15671_12_1558061225506206573,0,1305087,18624894,0,19581642,0,29843840,0,0,0,69355463
15671_12_1558061225631009812,0,1441976,21999861,0,99719891,0,14420150,0,0,0,137581878
15671_12_1558061225768675045,0,1481310,20876160,0,120716282,0,13152086,0,0,0,156225838
15671_12_1558061225961913724,0,1457403,21622173,0,84878752,0,21669095,0,0,0,129627423
15671_12_1558061226126564822,0,1248646,19161962,0,122661659,0,18489186,0,0,0,161561453
15671_12_1558061226288151633,0,1387492,21129308,0,167421185,0,13757296,0,0,0,203695281
15671_12_1558061226491913027,0,1411057,20859957,0,139766504,0,15959302,0,0,0,177996820
15671_12_1558061226669954198,0,1270589,20988152,0,161955255,0,8831349,0,0,0,193045345
15671_12_1558061226923775438,0,1330243,18784596,0,51215991,0,25870714,0,0,0,97201544
15671_12_1558061227135936756,0,1405624,19995566,0,96844407,0,22759363,0,0,0,141004960
15671_12_1558061227347993539,0,1378599,20913690,0,63280015,0,14719533,0,0,0,100291837
15671_12_1558061227491381848,0,1343072,21223834,0,116663010,0,21820762,0,0,0,161050678
15671_12_1558061227747875647,0,1369493,19840053,0,93809657,0,13189043,0,0,0,128208246
15671_12_1558061227876108408,0,1315519,19402955,0,110068839,0,13086404,0,0,0,143873717
15671_12_1558061228020036438,0,1118063,17465230,0,137796719,0,8728632,0,0,0,165108644
15671_12_1558061228226343165,0,1352436,18530716,0,102614465,0,23100727,0,0,0,145598344
15671_12_1558061228416902179,0,1537578,21572718,0,85502509,0,26161587,0,0,0,134774392
15671_12_1558061228606145668,0,1254472,18267665,0,46771531,0,27213085,0,0,0,93506753
15671_12_1558061228746142131,0,1208885,18686718,0,88217503,0,17508723,0,0,0,125621829
15671_12_1558061228931804996,0,1359886,19528586,0,35100631,0,27894010,0,0,0,83883113
15671_12_1558061229064211637,0,1360603,20158288,0,87452443,0,20754090,0,0,0,129725424
15671_12_1558061229315260469,0,1622320,21158100,0,32204144,0,28515643,0,0,0,83500207
15671_12_1558061229454230218,0,1244603,20164183,0,117405789,0,14334679,0,0,0,153149254
15671_12_1558061229645220907,0,1293228,19250906,0,81566187,0,12783485,0,0,0,114893806
15671_12_1558061229807111177,0,1305633,18741304,0,113379554,0,19363321,0,0,0,152789812
15671_12_1558061229959943386,0,1335078,20365559,0,108952407,0,17648539,0,0,0,148301583
15671_12_1558061230108269138,0,1487434,22333327,0,140359174,0,19543791,0,0,0,183723726
15671_12_1558061230331617700,0,1444797,20534067,0,124234101,0,16193519,0,0,0,162406484
15671_12_1558061230556499252,0,1580123,21514568,0,84005471,0,12466315,0,0,0,119566477
15671_12_1558061230730972455,0,1202124,19351821,0,109419391,0,15461781,0,0,0,145435117
15671_12_1558061230934320468,0,1339908,19254823,0,59264209,0,13823766,0,0,0,93682706
15671_12_1558061231072630389,0,1244402,20006888,0,111633785,0,14514522,0,0,0,147399597
15671_12_1558061231259565331,0,1401410,19428382,0,107938564,0,17067301,0,0,0,145835657
15671_12_1558061231405428524,0,1362641,19683555,0,106477495,0,4959692,0,0,0,132483383
15671_12_1558061231537947358,0,1347847,21056283,0,199665938,0,50766495,0,0,0,272836563
15671_12_1558061231810810620,0,1521577,20253365,0,114584061,0,22698079,0,0,0,159057082
15671_12_1558061232029642156,0,1397606,19693137,0,50858411,0,30458910,0,0,0,102408064
15671_12_1558061232132081253,0,1627509,24440390,0,131025428,0,19619915,0,0,0,176713242
15671_12_1558061232308835029,0,1413007,21467517,0,134066756,0,37460879,0,0,0,194408159
15671_12_1558061232503267196,0,1387252,22785792,0,81835648,0,21527847,0,0,0,127536539
15671_12_1558061232630836125,0,1362881,19399239,0,54333702,0,29784615,0,0,0,104880437
15671_12_1558061232785004454,0,1321310,19535589,0,153601690,0,11492462,0,0,0,185951051
15671_12_1558061233026727177,0,1467581,20881115,0,78493703,0,18560321,0,0,0,119402720
15671_12_1558061233187962963,0,1438087,18980321,0,113318768,0,18578304,0,0,0,152315480
15671_12_1558061233377925429,0,1221269,19000354,0,107054960,0,11728201,0,0,0,139004784
15671_12_1558061233626684750,0,1509715,21613604,0,41755947,0,21940996,0,0,0,86820262
15671_12_1558061233760006418,0,1387192,22292509,0,127556766,0,15334843,0,0,0,166571310
15671_12_1558061233970744493,0,1385334,19981597,0,66740805,0,26526055,0,0,0,114633791
15671_12_1558061234085406902,0,1268642,21347199,0,204264809,0,6525289,0,0,0,233405939
15671_12_1558061234369850542,0,1436216,21889249,0,101421044,0,20984172,0,0,0,145730681
15671_12_1558061234576648379,0,1538732,22091426,0,48990018,0,25307212,0,0,0,97927388
15671_12_1558061234780642098,0,1479153,19624520,0,75172282,0,22724333,0,0,0,119000288
15671_12_1558061234952198250,0,1346732,20358941,0,44461904,0,26470280,0,0,0,92637857
15671_12_1558061235082910749,0,1476292,20011302,0,71578934,0,13796653,0,0,0,106863181
15671_12_1558061235242447829,0,1474245,20049314,0,54302013,0,33108000,0,0,0,108933572
15671_12_1558061235406782375,0,1452428,22539758,0,122749548,0,20207104,0,0,0,166948838
15671_12_1558061235676732289,0,1597978,21573274,0,60601669,0,29949674,0,0,0,113722595
15671_12_1558061235845576951,0,1394165,21390814,0,80131873,0,23424150,0,0,0,126341002
15671_12_1558061236025951907,0,1277831,18235446,0,43861466,0,28679828,0,0,0,92054571
15671_12_1558061236181251935,0,1494728,20243727,0,66383232,0,17794801,0,0,0,105916488
15671_12_1558061236330827986,0,1455450,20037793,0,22208258,0,21576672,0,0,0,65278173
15671_12_1558061236433075342,0,1472566,20745832,0,74873079,0,18713156,0,0,0,115804633
15671_12_1558061236600079784,0,1519406,21118763,0,98015003,0,22942914,0,0,0,143596086
15671_12_1558061236783557129,0,1307945,22854909,0,230919921,0,14814223,0,0,0,269896998
15671_12_1558061237344290682,0,1449081,20034272,0,45011532,0,21682841,0,0,0,88177726
15671_12_1558061237479986918,0,1395724,20789674,0,41736669,0,27906164,0,0,0,91828231
15671_12_1558061237630810526,0,1333903,19855234,0,127176809,0,9290664,0,0,0,157656610
15671_12_1558061237788558395,0,1523478,20641701,0,89878721,0,17463847,0,0,0,129507747
15671_12_1558061237970007228,0,1331927,18872491,0,28650875,0,21209447,0,0,0,70064740
15671_12_1558061238096255096,0,1442133,19472472,0,64036406,0,28986019,0,0,0,113937030
15671_12_1558061238254019759,0,1386455,19074853,0,22123423,0,34112070,0,0,0,76696801
15671_12_1558061238371931781,0,1484815,20202918,0,63002662,0,22343513,0,0,0,107033908
15671_12_1558061238559933240,0,1252299,17824868,0,54771677,0,31727356,0,0,0,105576200
15671_12_1558061238712389804,0,1392390,20188733,0,79795819,0,41019593,0,0,0,142396535
15671_12_1558061238854831162,0,1333216,20704929,0,103363290,0,16828087,0,0,0,142229522
15671_12_1558061239046426909,0,1434301,20096123,0,77269162,0,21987964,0,0,0,120787550
15671_12_1558061239167244798,0,1414611,21289721,0,123077516,0,17092807,0,0,0,162874655
15671_12_1558061239388013478,0,1352419,19108242,0,36083117,0,23472349,0,0,0,80016127
15671_12_1558061239513488214,0,1353105,18556880,0,59431716,0,18891728,0,0,0,98233429
15671_12_1558061239680149239,0,1347850,19324810,0,75686270,0,27759797,0,0,0,124118727
15671_12_1558061239960244199,0,1477775,20034009,0,44331722,0,22654596,0,0,0,88498102
15671_12_1558061240109798256,0,1347458,20039736,0,97818480,0,20031893,0,0,0,139237567
15671_12_1558061240291528090,0,1403818,20978062,0,105814880,0,18829521,0,0,0,147026281
15671_12_1558061240495792129,0,1335361,19989912,0,84746863,0,12019641,0,0,0,118091777
15671_12_1558061240691839295,0,1439186,21201476,0,32590038,0,24885778,0,0,0,80116478
15671_12_1558061240881993329,0,1302680,21080910,0,81684811,0,14218274,0,0,0,118286675
15671_12_1558061241000314397,0,1278237,20971610,0,154085737,0,7052418,0,0,0,183388002
15671_12_1558061241232238216,0,1392081,20451798,0,91207668,0,18409720,0,0,0,131461267
15671_12_1558061241421566765,0,1504765,20140849,0,27580481,0,28812213,0,0,0,78038308
15671_12_1558061241603910989,0,1368424,20124643,0,51815603,0,14069435,0,0,0,87378105
15671_12_1558061241691330814,0,1317063,19288941,0,93968629,0,19557758,0,0,0,134132391
15671_12_1558061241886166769,0,1377111,19663428,0,41590582,0,30371127,0,0,0,93002248
15671_12_1558061242035810635,0,1418384,21635563,0,49069463,0,17096329,0,0,0,89219739
15671_12_1558061242180244854,0,1277688,21185590,0,69166876,0,11544575,0,0,0,103174729
15671_12_1558061242333017661,0,1209146,20928913,0,81132436,0,9964643,0,0,0,113235138
15671_12_1558061242592789479,0,1561987,20899060,0,62820906,0,33825164,0,0,0,119107117
15671_12_1558061242711919649,0,1321026,19943082,0,108298987,0,11885104,0,0,0,141448199
15671_12_1558061242900424761,0,1241444,19184061,0,82807279,0,13058727,0,0,0,116291511
15671_12_1558061243054869382,0,1405075,20504653,0,92044732,0,23492696,0,0,0,137447156
15671_12_1558061243192340281,0,1249420,19985625,0,93780483,0,8959696,0,0,0,123975224
15671_12_1558061243352090049,0,1425008,20896206,0,88848292,0,19687815,0,0,0,130857321
15671_12_1558061243527052873,0,1475252,20586499,0,127845537,0,18769233,0,0,0,168676521
15671_12_1558061243807924835,0,1352605,18934108,0,57945693,0,19111746,0,0,0,97344152
15671_12_1558061243933085076,0,1297425,20791307,0,89528208,0,13784528,0,0,0,125401468
15671_12_1558061244107027563,0,1350961,21766952,0,104252108,0,13818333,0,0,0,141188354
15671_12_1558061244289462254,0,1434601,21826086,0,76245883,0,20297556,0,0,0,119804126
15671_12_1558061244465463639,0,1440217,19825421,0,58640477,0,13433468,0,0,0,93339583
15671_12_1558061244596630300,0,1282388,18740848,0,76976052,0,18126802,0,0,0,115126090
15671_12_1558061244711788649,0,1148625,17903852,0,110024914,0,11186935,0,0,0,140264326
15671_12_1558061244912239973,0,1365653,19187984,0,45549398,0,18402776,0,0,0,84505811
15671_12_1558061244996772645,0,1157967,19137183,0,130093253,0,17155554,0,0,0,167543957
15671_12_1558061245164361768,0,1366273,19554179,0,102336979,0,19736693,0,0,0,142994124
15671_12_1558061245345869052,0,1288030,19932994,0,134191303,0,16241464,0,0,0,171653791
15671_12_1558061245603767762,0,1303060,18531263,0,70928155,0,29249889,0,0,0,120012367
15671_12_1558061245811895831,0,1266965,18846538,0,26120637,0,12192222,0,0,0,58426362
15671_12_1558061245870346606,0,1152158,19002850,0,148738379,0,9158818,0,0,0,178052205
15671_12_1558061246095338438,0,1135057,19354570,0,93195332,0,11853351,0,0,0,125538310
15671_12_1558061246326677365,0,1215252,19063733,0,97175717,0,17638736,0,0,0,135093438
15671_12_1558061246501696416,0,1384557,20491266,0,97050230,0,17796843,0,0,0,136722896
15671_12_1558061246688152171,0,1589688,20307779,0,58186437,0,18810413,0,0,0,98894317
15671_12_1558061246787110735,0,1359719,20255906,0,123936673,0,16569762,0,0,0,162122060
15671_12_1558061246998147393,0,1616609,20246014,0,39749606,0,31293477,0,0,0,92905706
15671_12_1558061247091083147,0,1444831,19677653,0,151904836,0,21128214,0,0,0,194155534
15671_12_1558061247312853263,0,1173078,17166442,0,20048062,0,37060455,0,0,0,75448037
15671_12_1558061247388324243,0,1306531,21564248,0,139468470,0,19048265,0,0,0,181387514
15671_12_1558061247624154109,0,1515349,22528580,0,94025067,0,17187025,0,0,0,135256021
15671_12_1558061247945887603,0,1088437,15905318,0,58850276,0,27320601,0,0,0,103164632
15671_12_1558061248123054356,0,1068428,15198765,0,34868285,0,17752671,0,0,0,68888149
15671_12_1558061248218061427,0,981835,14245612,0,20324495,0,28982756,0,0,0,64534698
15671_12_1558061248322841175,0,1003678,15357837,0,106898031,0,11182943,0,0,0,134442489
15671_12_1558061248550996367,0,1202259,16379928,0,39150725,0,59826562,0,0,0,116559474
15671_12_1558061248837347570,0,1044232,15452671,0,40952817,0,50744420,0,0,0,108194140
15671_12_1558061248959847102,0,1152968,16798120,0,43312827,0,110114673,0,0,0,171378588
15671_12_1558061249131248929,0,1242910,18119021,0,82360611,0,488684868,0,0,0,590407410
15671_12_1558061271323951726,0,1530368,41112247,0,107249744,300347318,854610384,0,0,0,1304850061
15671_12_1558061272628834319,0,1006603,16139479,0,64600707,0,8137582,0,0,0,89884371
15671_12_1558061272748736210,0,1033927,15590438,0,45298247,0,10298623,0,0,0,72221235
15671_12_1558061272907164147,0,1302214,19030768,0,43376883,0,56581541,0,0,0,120291406
15671_12_1558061273072118572,0,1208710,19503240,0,39025588,0,21826899,0,0,0,81564437
15671_12_1558061273188817700,0,1193797,19838551,0,96752195,0,15783805,0,0,0,133568348
15671_12_1558061273355028628,0,1133442,17684554,0,17949996,0,24118129,0,0,0,60886121
15671_12_1558061273452359230,0,1068946,16037544,0,35042180,0,13277988,0,0,0,65426658
15671_12_1558061273644020241,0,1255170,19644557,0,40929001,0,30476702,0,0,0,92305430
15671_12_1558061273736367727,0,1101066,18387134,0,93562818,0,8744123,0,0,0,121795141
15671_12_1558061273883775738,0,1250775,18595912,0,50508004,0,63961477,0,0,0,134316168
15671_12_1558061274167655655,0,1326779,19551510,0,65751671,0,8894267,0,0,0,95524227
15671_12_1558061274289285268,0,1139113,19106972,0,121240051,0,9060222,0,0,0,150546358
15671_12_1558061274546330242,0,1359991,20270926,0,77024288,0,20276149,0,0,0,118931354
15671_12_1558061274665286195,0,1292320,20732531,0,98719258,0,15178231,0,0,0,135922340
15671_12_1558061274840088793,0,1427638,21292649,0,73311243,0,37425678,0,0,0,133457208
15671_12_1558061274973585588,0,1155711,19315696,0,101079613,0,11835423,0,0,0,133386443
15671_12_1558061275131769330,0,1133156,17858613,0,80178239,0,9976620,0,0,0,109146628
15671_12_1558061275240937965,0,1400396,20654738,0,79331896,0,23577713,0,0,0,124964743
15671_12_1558061275365928057,0,1316425,21853152,0,213408527,0,17931362,0,0,0,254509466
15671_12_1558061275656169253,0,1379137,19848268,0,75151870,0,17044525,0,0,0,113423800
15671_12_1558061275815848982,0,1542446,20453872,0,99791744,0,20173675,0,0,0,141961737
15671_12_1558061276003960857,0,1314641,20773682,0,93791544,0,13415385,0,0,0,129295252
15671_12_1558061276133335479,0,1377867,21630154,0,162991712,0,13719710,0,0,0,199719443
15671_12_1558061276384805741,0,1303916,19506577,0,61288561,0,24400915,0,0,0,106499969
15671_12_1558061276491336428,0,1298745,21351982,0,118982682,0,11686641,0,0,0,153320050
15671_12_1558061276644675970,0,1295954,21040523,0,157035756,0,12293782,0,0,0,191666015
15671_12_1558061276943960103,0,1243128,21031236,0,90118942,0,9784841,0,0,0,122178147
15671_12_1558061277116575692,0,1351496,20828999,0,66807943,0,14264207,0,0,0,103252645
15671_12_1558061277294094101,0,1416126,20615623,0,98916729,0,16413627,0,0,0,137362105
15671_12_1558061277464910450,0,1346988,20203329,0,88376275,0,18780787,0,0,0,128707379
15671_12_1558061277635047046,0,1245179,19720166,0,49209181,0,12226907,0,0,0,82401433
15671_12_1558061277770918707,0,1219683,19029053,0,77584009,0,17653382,0,0,0,115486127
15671_12_1558061277940324663,0,1517747,21373296,0,45989274,0,29789714,0,0,0,98670031
15671_12_1558061278076122400,0,1473395,22267519,0,162327874,0,31030600,0,0,0,217099388
15671_12_1558061278332935810,0,1332211,19963503,0,76565675,0,29286267,0,0,0,127147656
15671_12_1558061278460113080,0,1282823,19520076,0,145417043,0,9904979,0,0,0,176124921
15671_12_1558061278636260815,0,1263275,20664921,0,145129008,0,12831390,0,0,0,179888594
15671_12_1558061278856021030,0,1357227,20187467,0,76009959,0,12295246,0,0,0,109849899
15671_12_1558061279060931231,0,1289980,20608930,0,71338096,0,7176897,0,0,0,100413903
15671_12_1558061279161377750,0,1382052,21937244,0,211668629,0,37682450,0,0,0,272670375
15671_12_1558061279434153271,0,1578442,23073274,0,190627418,0,13018727,0,0,0,228297861
15671_12_1558061279704026454,0,1313573,20436284,0,100570398,0,10749545,0,0,0,133069800
15671_12_1558061279837117134,0,1378581,20200476,0,53308310,0,36726898,0,0,0,111614265
15671_12_1558061279977745214,0,1503338,22844495,0,60642806,0,28500533,0,0,0,113491172
15671_12_1558061280091941635,0,1542598,21732432,0,67094804,50141,41742176,0,0,0,132162151
15671_12_1558061280224893832,0,1372462,21170228,0,106777944,0,23246055,0,0,0,152566689
15671_12_1558061280427784077,0,1551096,20955677,0,69151064,0,28841787,0,0,0,120499624
15671_12_1558061280747917497,0,1568737,21775770,0,109940340,0,23506961,0,0,0,156791808
15671_12_1558061280949162493,0,1390097,21860919,0,85400611,0,24812832,0,0,0,133464459
15671_12_1558061281177656136,0,1306956,20757864,0,51166311,0,22074001,0,0,0,95305132
15671_12_1558061281368094797,0,1311270,19357181,0,33005797,0,9833776,0,0,0,63508024
15671_12_1558061281461589470,0,1386123,19467178,0,51275775,0,26298108,0,0,0,98427184
15671_12_1558061281560038136,0,1525490,22711765,0,140991978,0,19123091,0,0,0,184352324
15671_12_1558061281799474960,0,1568830,23088820,0,91932721,0,29604304,0,0,0,146194675
15671_12_1558061281979845792,0,1420525,20912439,0,99099099,0,23348971,0,0,0,144781034
15671_12_1558061282164254164,0,1364404,20668481,0,88674548,0,16272475,0,0,0,126979908
15671_12_1558061282335769706,0,1462190,23275570,0,84534008,0,20080394,0,0,0,129352162
15671_12_1558061282524216081,0,1333098,20654481,0,97859136,0,17006694,0,0,0,136853409
15671_12_1558061282705109724,0,1367559,22145659,0,148402864,0,15844545,0,0,0,187760627
15671_12_1558061282892893837,0,1276772,20259251,0,152869318,0,13589126,0,0,0,187994467
15671_12_1558061283132602938,0,1229268,20130333,0,103363254,0,9074917,0,0,0,133797772
15671_12_1558061283320038729,0,1416089,20251372,0,71480468,0,65743823,0,0,0,158891752
15671_12_1558061283512084701,0,1347100,18895591,0,37498286,0,25065261,0,0,0,82806238
15671_12_1558061283640275859,0,1295064,19680452,0,34398856,0,19255522,0,0,0,74629894
15671_12_1558061283743338424,0,1382446,20740320,0,70202588,0,16521721,0,0,0,108847075
15671_12_1558061283891470067,0,1488972,21042834,0,31341175,0,26707424,0,0,0,80580405
15671_12_1558061284068637901,0,1308312,19932004,0,64351747,0,9968619,0,0,0,95560682
15671_12_1558061284164226029,0,1252211,19530454,0,76428063,0,6910074,0,0,0,104120802
15671_12_1558061284293870562,0,1625577,21523689,0,39355608,0,14345419,0,0,0,76850293
15671_12_1558061284463924804,0,1436731,20101602,0,39982147,0,18250221,0,0,0,79770701
15671_12_1558061284543754361,0,1235004,19938117,0,127784087,0,5827737,0,0,0,154784945
15671_12_1558061284767437985,0,1395553,19659255,0,51302157,0,22958940,0,0,0,95315905
15671_12_1558061284924073630,0,1347152,18665651,0,12552391,0,35336493,0,0,0,67901687
15671_12_1558061285019086269,0,1152766,16540180,0,9869128,0,32656634,0,0,0,60218708
15671_12_1558061285079325422,0,1038484,16436778,0,53083555,0,6422611,0,0,0,76981428
15671_12_1558061285180555401,0,1070128,16983171,0,46678003,0,7969977,0,0,0,72701279
15671_12_1558061285296428494,0,1175991,20113129,0,90861820,0,36083375,0,0,0,148234315
15671_12_1558061285444683299,0,1279071,20096982,0,146860139,0,17928541,0,0,0,186164733
15671_12_1558061285651555170,0,1079803,18082599,0,86647745,0,5956446,0,0,0,111766593
15671_12_1558061285818726783,0,1128149,16062895,0,4127356,0,20740373,0,0,0,42058773
15671_12_1558061285860813465,0,1067059,18085558,0,78380934,0,6800702,0,0,0,104334253
15671_12_1558061286016337603,0,1615428,21197856,0,73621784,0,29115076,0,0,0,125550144
15671_12_1558061286189087792,0,1292132,21232699,0,86508665,0,8654202,0,0,0,117687698
15671_12_1558061286344184178,0,1298740,22011621,0,189080642,0,13350655,0,0,0,225741658
15671_12_1558061286637133659,0,1556404,20310490,0,22796170,0,447426372,0,0,0,492089436
15671_12_1558061287262453751,0,1451219,21099335,0,87761722,0,24894864,0,0,0,135207140
15671_12_1558061287434724058,0,1413464,20233627,0,21084981,0,20263403,0,0,0,62995475
15671_12_1558061287546068139,0,1337829,19634801,0,83784853,0,30565431,0,0,0,135322914
15671_12_1558061287723738606,0,1151535,19348781,0,92073848,0,13947834,0,0,0,126521998
15671_12_1558061287901626283,0,1310699,19000116,0,70959303,0,23363879,0,0,0,114633997
15671_12_1558061288095466022,0,1479311,21495801,0,33052819,0,89673865,0,0,0,145701796
15671_12_1558061288241210672,0,1300474,20704971,0,71713350,0,9167648,0,0,0,102886443
15671_12_1558061288397869759,0,1367888,19000631,0,66977703,0,18824305,0,0,0,106170527
15671_12_1558061288548757008,0,1216284,19724053,0,124492329,0,16026258,0,0,0,161458924
15671_12_1558061288770239629,0,1518922,21680948,0,20126172,0,22045653,0,0,0,65371695
15671_12_1558061288881235142,0,1268197,19841913,0,91729649,0,7114160,0,0,0,119953919
15671_12_1558061289083813464,0,1484857,23444153,0,89026313,0,17177572,0,0,0,131132895
15671_12_1558061289264214863,0,1381783,20064423,0,66828553,0,28331929,0,0,0,116606688
15671_12_1558061289380855255,0,1225268,20521601,0,123267535,0,21152148,0,0,0,166166552
15671_12_1558061289593590740,0,1453159,19941672,0,77260840,0,23003145,0,0,0,121658816
15671_12_1558061289783379975,0,1485389,20677981,0,36095070,0,38462511,0,0,0,96720951
15671_12_1558061289880123607,0,1250440,20820388,0,106486700,0,11542298,0,0,0,140099826
15671_12_1558061290064472454,0,1615244,21936702,0,67280854,0,24788253,0,0,0,115621053
15671_12_1558061290224249316,0,1585839,21229006,0,73299210,0,35287201,0,0,0,131401256
15671_12_1558061290355682938,0,1313292,19074595,0,116991127,0,29895946,0,0,0,167274960
15671_12_1558061290555685639,0,1366964,19924142,0,69328116,0,28933256,0,0,0,119552478
15671_12_1558061290788025024,0,1268556,17346550,0,5249344,0,26110793,0,0,0,49975243
15671_12_1558061290838023046,0,1274081,17194081,0,91649619,0,39389037,0,0,0,149506818
15671_12_1558061291015755257,0,1166306,17970491,0,58596867,0,16747577,0,0,0,94481241
15671_12_1558061291110268009,0,1213078,17886684,0,174263225,0,19547649,0,0,0,212910636
15671_12_1558061291323220470,0,1090196,17488652,0,112079237,0,7484256,0,0,0,138142341
15671_12_1558061291505698581,0,1153488,18179744,0,23548134,0,12452680,0,0,0,55334046
15671_12_1558061291561073158,0,1179902,18123465,0,67531998,0,9865562,0,0,0,96700927
15671_12_1558061291657806078,0,1091989,17603193,0,70095747,0,9037712,0,0,0,97828641
15671_12_1558061291755654113,0,1227928,17180752,0,17892707,0,18567628,0,0,0,54869015
15671_12_1558061291810546800,0,1150737,17574008,0,32083140,0,16943960,0,0,0,67751845
15671_12_1558061291973581650,0,1055817,16107966,0,19874588,0,10891622,0,0,0,47929993
15671_12_1558061292058587509,0,1064483,16974843,0,14422031,0,18697076,0,0,0,51158433
15671_12_1558061292146455401,0,1214738,18127185,0,58988975,0,19430032,0,0,0,97760930
15671_12_1558061292244242252,0,1154954,19208165,0,136356797,0,15158168,0,0,0,171878084
15671_12_1558061292486847344,0,1127748,16946559,0,17077317,0,15664969,0,0,0,50816593
15671_12_1558061292562076859,0,1142169,16467093,0,21137484,0,30662772,0,0,0,69409518
15671_12_1558061292665573662,0,1266866,17295889,0,21834475,0,25427436,0,0,0,65824666
15671_12_1558061292784774496,0,1191755,16890132,0,9246496,0,15126249,0,0,0,42454632
15671_12_1558061292849295545,0,1152860,17999530,0,54834990,0,18146770,0,0,0,92134150
15671_12_1558061292941449535,0,990853,16699411,0,75528233,0,5042769,0,0,0,98261266
15671_12_1558061293070444462,0,1147242,16634360,0,22283440,0,18377334,0,0,0,58442376
15671_12_1558061293155764692,0,1057041,15920689,0,29635006,0,16032583,0,0,0,62645319
15671_12_1558061293218432422,0,1099802,17206096,0,77967958,0,9060595,0,0,0,105334451
15671_12_1558061293367183129,0,1248027,18563516,0,43966994,0,12922827,0,0,0,76701364
15671_12_1558061293499933519,0,1141322,18153165,0,101924337,0,16190591,0,0,0,137409415
15671_12_1558061293694045498,0,1357061,17960749,0,58504126,0,39767689,0,0,0,117589625
15671_12_1558061293915884662,0,1424308,21242994,0,121136286,0,12247713,0,0,0,156051301
15671_12_1558061294108732202,0,1237001,20565759,0,94925952,0,11910620,0,0,0,128639332
15671_12_1558061294313246348,0,1107667,18136694,0,54108212,0,12299052,0,0,0,85651625
15671_12_1558061294470194960,0,1381431,20968707,0,41185331,0,29306610,0,0,0,92842079
15671_12_1558061294563060895,0,1277646,19585066,0,90452985,0,13256373,0,0,0,124572070
15671_12_1558061294687659988,0,1445401,20664609,0,93529353,0,23507476,0,0,0,139146839
15671_12_1558061294881815324,0,1460807,21146827,0,122943477,0,17148646,0,0,0,162699757
15671_12_1558061295103521009,0,1509387,20830062,0,63361141,0,17519475,0,0,0,103220065
15671_12_1558061295291385209,0,1224139,19356654,0,33822541,0,11702045,0,0,0,66105379
15671_12_1558061295396087581,0,1271226,20233056,0,123447384,0,11151715,0,0,0,156103381
15671_12_1558061295589458108,0,1339868,20157081,0,111136521,0,25202085,0,0,0,157835555
15671_12_1558061295747340451,0,1320293,21214717,0,136914595,0,17285810,0,0,0,176735415
15671_12_1558061295967193418,0,1364119,19126931,0,63857740,0,30324698,0,0,0,114673488
15671_12_1558061296121379399,0,1203264,19645404,0,38677247,0,23169248,0,0,0,82695163
15671_12_1558061296316139663,0,1485525,21949730,0,57901691,0,15186825,0,0,0,96523771
15671_12_1558061296477747891,0,1391660,21045124,0,20739632,48280,28204682,0,0,0,71429378
15671_12_1558061296603280967,0,1335330,20856581,0,108970250,0,22210807,0,0,0,153372968
15671_12_1558061296824197878,0,1319796,20162321,0,97599333,0,18891421,0,0,0,137972871
15671_12_1558061297005929889,0,1478522,21399859,0,39482613,55529,15214460,0,0,0,77630983
15671_12_1558061297138844915,0,1402894,22359883,0,104000818,0,14932009,0,0,0,142695604
15671_12_1558061297321832483,0,1487148,22425027,0,73117924,0,28675719,0,0,0,125705818
15671_12_1558061297447561414,0,1262139,20820279,0,162864197,0,7676610,0,0,0,192623225
15671_12_1558061297687866687,0,1391868,20656023,0,65445634,0,17739477,0,0,0,105233002
15671_12_1558061297852048868,0,1378867,21851139,0,123103542,0,6695329,0,0,0,153028877
15671_12_1558061298057479279,0,1237373,20969461,0,65589814,0,19031512,0,0,0,106828160
15671_12_1558061298210854936,0,1177714,19973818,0,72764661,0,7914084,0,0,0,101830277
15671_12_1558061298333686267,0,1325062,21174701,0,36186134,0,18540858,0,0,0,77226755
15671_12_1558061298485568777,0,1571066,22347221,0,64788829,0,27423065,0,0,0,116130181
15671_12_1558061298654829153,0,1247596,20511682,0,111845814,0,17144330,0,0,0,150749422
15671_12_1558061298872143150,0,1467913,20045434,0,36661029,0,30152021,0,0,0,88326397
15671_12_1558061299035050213,0,1493608,21010466,0,17811220,0,34581487,0,0,0,74896781
15671_12_1558061299109976300,0,1244915,19679893,0,92652733,0,11418651,0,0,0,124996192
15671_12_1558061299265106812,0,1500642,20585552,0,75386712,0,33392302,0,0,0,130865208
15671_12_1558061299447314519,0,1453601,21083712,0,71289678,0,23047518,0,0,0,116874509
15671_12_1558061299612620876,0,1316501,21109404,0,56146277,0,15105729,0,0,0,93677911
15671_12_1558061299749990806,0,1476128,21310342,0,93400612,0,12428954,0,0,0,128616036
15671_12_1558061299909904249,0,1087917,16855782,0,31213516,0,10658256,0,0,0,59815471
15671_12_1558061299969740125,0,1124187,16973034,0,51721483,0,12410653,0,0,0,82229357
15671_12_1558061300183813567,0,1421316,20101447,0,63260838,0,24061706,0,0,0,108845307
15671_12_1558061300401661250,0,1330598,20447518,0,29635513,0,23702834,0,0,0,75116463
15671_12_1558061300523814381,0,1403391,20622929,0,68774454,0,15900596,0,0,0,106701370
15671_12_1558061300668951193,0,1475894,20456621,0,91927941,0,17303226,0,0,0,131163682
15671_12_1558061300850843965,0,1262030,20194027,0,123066118,0,19424900,0,0,0,163947075
15671_12_1558061301042159229,0,1422506,22317929,0,161438012,0,22155352,0,0,0,207333799
15671_12_1558061301249516177,0,1382824,21645215,0,113032354,0,3743881,0,0,0,139804274
15671_12_1558061301442997930,0,1283167,21433597,0,55154784,0,15563458,0,0,0,93435006
15671_12_1558061301595217292,0,1482003,22241496,0,76369620,0,27522540,0,0,0,127615659
15671_12_1558061301773255877,0,1328821,20047451,0,130799048,0,10899615,0,0,0,163074935
15671_12_1558061301986095071,0,1373854,21352951,0,56135404,0,16503818,0,0,0,95366027
15671_12_1558061302127989667,0,1102225,17677011,0,20870781,0,29644616,0,0,0,69294633
15671_12_1558061302227262118,0,1128594,16601321,0,8606664,49384,5813704,0,0,0,32199667
15671_12_1558061302321598641,0,1163418,17738910,0,69316663,0,26535002,0,0,0,114753993
15671_12_1558061302456308958,0,1078008,16590250,0,29240616,0,17787101,0,0,0,64695975
15671_12_1558061302548112508,0,1137281,16975742,0,18072975,0,23554665,0,0,0,59740663
15671_12_1558061302653779676,0,1456366,20186847,0,32097104,0,20962316,0,0,0,74702633
15671_12_1558061302768105229,0,1273966,19850728,0,81941142,0,18789701,0,0,0,121855537
15671_12_1558061302924294606,0,1273102,19066004,0,78419995,0,22110176,0,0,0,120869277
15671_12_1558061303088907379,0,1242339,18364421,0,21264316,0,26210356,0,0,0,67081432
15671_12_1558061303193885183,0,1207495,18368890,0,56648848,0,17628128,0,0,0,93853361
15671_12_1558061303367023462,0,1348631,20770202,0,57725488,0,27013924,0,0,0,106858245
15671_12_1558061303532529731,0,1222241,18546883,0,88725411,0,5730724,0,0,0,114225259
15671_12_1558061303732879220,0,1160487,18336474,0,37583383,0,8741698,0,0,0,65822042
15671_12_1558061303841352701,0,1177715,18635450,0,25221689,0,33122693,0,0,0,78157547
15671_12_1558061303960591495,0,1150475,17227795,0,39165652,0,17759081,0,0,0,75303003
15671_12_1558061304114303809,0,1041197,19306906,0,77795273,0,3317607,0,0,0,101460983
15671_12_1558061304326586479,0,1471576,21348745,0,77347332,0,35125826,0,0,0,135293479
15671_12_1558061304519437502,0,1392473,18657404,0,39685577,0,32387673,0,0,0,92123127
15671_12_1558061304663813548,0,1531951,22693241,0,103074801,0,28748414,0,0,0,156048407
15671_12_1558061304876348981,0,1299576,20318152,0,127133097,0,30744570,0,0,0,179495395
15671_12_1558061305087112232,0,1270937,21394904,0,108253683,0,14900853,0,0,0,145820377
15671_12_1558061305284853094,0,1454427,20926581,0,37487337,0,35951756,0,0,0,95820101
15671_12_1558061305461908111,0,1390485,20591617,0,45944230,0,29389364,0,0,0,97315696
15671_12_1558061305638381983,0,1406377,22148445,0,49148802,0,19286360,0,0,0,91989984
15671_12_1558061305775773693,0,1044626,18851036,0,56790926,0,28141653,0,0,0,104828241
15671_12_1558061305960420792,0,1357459,20163397,0,73051163,0,37165947,0,0,0,131737966
15671_12_1558061306139925672,0,1313197,19773139,0,126616361,0,22487173,0,0,0,170189870
15671_12_1558061306367517038,0,1287060,20754751,0,49440158,51052,5230669,0,0,0,76763690
15671_12_1558061306444312847,0,1217156,19495845,0,50825481,0,15866521,0,0,0,87405003
15671_12_1558061306531736124,0,977908,17620126,0,160852202,0,14070290,0,0,0,193520526
15671_12_1558061306725278639,0,1068774,16593232,0,77198529,0,16881239,0,0,0,111741774
15671_12_1558061306865171036,0,1106751,16192713,0,2512429,48853,7857941,0,0,0,27718687
15671_12_1558061306912589045,0,1087735,15747120,0,55714214,47269,10871121,0,0,0,83467459
15671_12_1558061306996080508,0,977407,16125022,0,32592920,0,6037442,0,0,0,55732791
15671_12_1558061307074644805,0,1233403,17922353,0,34260936,0,20270965,0,0,0,73687657
15671_12_1558061307192847025,0,1210923,21121184,0,75557969,0,14931572,0,0,0,112821648
15671_12_1558061307342164758,0,1254257,20281222,0,179234401,0,54087661,0,0,0,254857541
15671_12_1558061307634166124,0,1406936,20738777,0,124078522,0,14073544,0,0,0,160297779
15671_12_1558061307843411936,0,1534687,22405372,0,111019254,0,18330219,0,0,0,153289532
15671_12_1558061308043315538,0,1328909,20376430,0,93651042,0,21481969,0,0,0,136838350
15671_12_1558061308180175553,0,1308524,20664662,0,108646786,0,10873864,0,0,0,141493836
15671_12_1558061308365770564,0,1400927,20181859,0,113490037,0,51597767,0,0,0,186670590
15671_12_1558061308696542793,0,1306943,19500110,0,47617876,0,13579890,0,0,0,82004819
15671_12_1558061308827912913,0,1510682,21461026,0,47098280,0,26699403,0,0,0,96769391
15671_12_1558061308924743237,0,1355291,21024272,0,93895385,0,17036605,0,0,0,133311553
15671_12_1558061309058097003,0,1289909,20445332,0,149478760,0,6658788,0,0,0,177872789
15671_12_1558061309286111301,0,1364315,21740460,0,52084665,0,50744421,0,0,0,125933861
15671_12_1558061309568352515,0,1422476,20478329,0,95372796,0,31487366,0,0,0,148760967
15671_12_1558061309717154663,0,1450550,20159293,0,88369832,0,42038162,0,0,0,152017837
15671_12_1558061309869264244,0,1353686,20417972,0,102136683,0,23377751,0,0,0,147286092
15671_12_1558061310111121088,0,1564127,22960193,0,72633501,0,39253500,0,0,0,136411321
15671_12_1558061310284217106,0,1351792,20667170,0,77857115,0,16081697,0,0,0,115957774
15671_12_1558061310465630750,0,1471678,20147735,0,54721335,0,21752830,0,0,0,98093578
15671_12_1558061310632777572,0,1295555,20052304,0,35440513,0,19031164,0,0,0,75819536
15671_12_1558061310756939414,0,1365491,22353080,0,96586840,0,11191677,0,0,0,131497088
15671_12_1558061310997705677,0,1570334,24237779,0,65757986,0,24241188,0,0,0,115807287
15671_12_1558061311165602485,0,1471046,20635126,0,114246414,0,16554211,0,0,0,152906797
15671_12_1558061311318534321,0,1377459,21800101,0,108652381,0,12233977,0,0,0,144063918
15671_12_1558061311512559801,0,1271972,19426259,0,61120072,0,16604888,0,0,0,98423191
15671_12_1558061311663815239,0,1496619,23214731,0,75339037,0,18546613,0,0,0,118597000
15671_12_1558061311813910953,0,1262949,20787611,0,66977102,0,10385378,0,0,0,99413040
15671_12_1558061311947906158,0,1276380,20350755,0,100569478,0,10131835,0,0,0,132328448
15671_12_1558061312119715568,0,1257833,19571103,0,52622013,0,12986192,0,0,0,86437141
15671_12_1558061312249592013,0,1332304,18903352,0,9884063,48044,9681584,0,0,0,39849347
15671_12_1558061312347909021,0,1453565,21051711,0,100484146,0,23884267,0,0,0,146873689
15671_12_1558061312542676456,0,1314641,20412898,0,59600934,0,23481674,0,0,0,104810147
15671_12_1558061312692685278,0,1212293,20595189,0,95317756,0,18404021,0,0,0,135529259
15671_12_1558061312901823827,0,1306938,20204461,0,90559804,0,17921183,0,0,0,129992386
15671_12_1558061313031840834,0,1316218,20413001,0,186664718,0,27044708,0,0,0,235438645
15671_12_1558061313304615445,0,1248328,22436635,0,102395079,0,11365160,0,0,0,137445202
15671_12_1558061313442089981,0,1450954,21601735,0,206634540,0,21093214,0,0,0,250780443
15671_12_1558061313731183906,0,1224975,20683650,0,88788747,0,13459130,0,0,0,124156502
15671_12_1558061313899672622,0,1307108,20004789,0,60146281,0,12424438,0,0,0,93882616
15671_12_1558061314069596809,0,1276404,19801841,0,105206482,0,15153482,0,0,0,141438209
15671_12_1558061314267716785,0,1352478,21518865,0,116651942,50712,15857569,0,0,0,155431566
15671_12_1558061314486048650,0,1439562,21255340,0,90314417,0,17514044,0,0,0,130523363
15671_12_1558061314616596532,0,1378495,22864330,0,137122871,0,35369757,0,0,0,196735453
15671_12_1558061314813361129,0,1454157,21889493,0,119256565,0,39057037,0,0,0,181657252
15671_12_1558061314995056878,0,1401348,21163296,0,112627330,0,13548079,0,0,0,148740053
15671_12_1558061315195991848,0,1286836,22496756,0,106759462,0,43894979,0,0,0,174438033
15671_12_1558061315435996959,0,1417316,22150363,0,70374184,0,7935781,0,0,0,101877644
15671_12_1558061315576418966,0,1534525,22214880,0,201213324,0,24657372,0,0,0,249620101
15671_12_1558061315924079194,0,1431602,21911149,0,81437807,0,29642853,0,0,0,134423411
15671_12_1558061316121180393,0,1428180,20728558,0,132545187,0,18332724,0,0,0,173034649
15671_12_1558061316294260575,0,1309322,20915960,0,134345423,0,8492336,0,0,0,165063041
15671_12_1558061316511788769,0,1535191,21233374,0,67405480,0,29735905,0,0,0,119909950
15671_12_1558061316631753855,0,1467243,20528117,0,133312476,0,16344268,0,0,0,171652104
15671_12_1558061316847899596,0,1644598,22639638,0,55428479,0,56505843,0,0,0,136218558
15671_12_1558061316984199272,0,1649452,22512415,0,111160320,0,15734073,0,0,0,151056260
15671_12_1558061317226893569,0,1447245,20928851,0,87868398,0,20748604,0,0,0,130993098
15671_12_1558061317390361840,0,1517279,22536067,0,93035217,0,38738855,0,0,0,155827418
15671_12_1558061317625924754,0,1442890,21613295,0,62267702,0,17221144,0,0,0,102545031
15671_12_1558061317752338635,0,1251198,20690568,0,179792014,0,11253406,0,0,0,212987186
15671_12_1558061317965363166,0,1509786,20609620,0,141326199,0,21215217,0,0,0,184660822
15671_12_1558061318191734794,0,1551878,23636602,0,127898359,0,20088781,0,0,0,173175620
15671_12_1558061318424797552,0,1542883,21370066,0,59077441,0,29291169,0,0,0,111281559
15671_12_1558061318591426817,0,1675338,21267589,0,9952421,0,52933690,0,0,0,85829038
15671_12_1558061318677283605,0,1181537,19669899,0,106178735,0,23457656,0,0,0,150487827
15671_12_1558061318883550780,0,1287715,19235483,0,76850770,0,49235609,0,0,0,146609577
15671_12_1558061319147483612,0,1609254,21899986,0,29935859,0,34554258,0,0,0,87999357
15671_12_1558061319288088667,0,1306461,20471523,0,68461138,0,35805799,0,0,0,126044921
15671_12_1558061319461777868,0,1314284,20883024,0,80748519,0,20946882,0,0,0,123892709
15671_12_1558061319635878151,0,1584804,21566638,0,154211525,0,39455883,0,0,0,216818850
15671_12_1558061319886155076,0,1421031,23220906,0,124020663,0,28877119,0,0,0,177539719
15671_12_1558061320063720060,0,1282007,19951001,0,140171911,0,19062647,0,0,0,180467566
15671_12_1558061320244225720,0,1252468,20546522,0,140653152,0,10008698,0,0,0,172460840
15671_12_1558061320510069619,0,1449068,20406113,0,20216721,0,25156110,0,0,0,67228012
15671_12_1558061320577323682,0,1502377,21063266,0,127234566,0,20672392,0,0,0,170472601
15671_12_1558061320831921969,0,1544109,20862091,0,85881808,0,20289510,0,0,0,128577518
15671_12_1558061320960521523,0,1378118,21583573,0,158646062,0,21501519,0,0,0,203109272
15671_12_1558061321163661626,0,1362667,19776870,0,152108573,0,10338699,0,0,0,183586809
15671_12_1558061321395772370,0,1279355,20233496,0,107679397,0,20980749,0,0,0,150172997
15671_12_1558061321583677578,0,1430296,22080808,0,124534907,0,14451433,0,0,0,162497444
15671_12_1558061321799371154,0,1311246,20308500,0,79161502,0,20769328,0,0,0,121550576
15671_12_1558061322015407105,0,1430576,21516231,0,85269153,0,15225424,0,0,0,123441384
15671_12_1558061322178013021,0,1411127,21312452,0,80738004,0,29395948,0,0,0,132857531
15671_12_1558061322348933363,0,1465314,21454988,0,102424472,0,7074327,0,0,0,132419101
15671_12_1558061322531987775,0,1533766,19923371,0,19954147,0,50684548,0,0,0,92095832
15671_12_1558061322731831161,0,1404940,21796890,0,104176025,0,37526222,0,0,0,164904077
15671_12_1558061322952085117,0,1376591,20005999,0,95448005,0,18741785,0,0,0,135572380
15671_12_1558061323149116447,0,1326849,22647918,0,111189293,0,17024625,0,0,0,152188685
15671_12_1558061323342831369,0,1378747,21989126,0,116062359,0,15362473,0,0,0,154792705
15671_12_1558061323559109203,0,1271360,18332867,0,97723756,0,23708516,0,0,0,141036499
15671_12_1558061323734600334,0,1319897,19648189,0,26768037,0,16080847,0,0,0,63816970
15671_12_1558061323850835158,0,1505461,21400562,0,60324329,0,25957970,0,0,0,109188322
15671_12_1558061324028237243,0,1396138,20120047,0,84202264,0,15689824,0,0,0,121408273
15671_12_1558061324356176081,0,1324724,21210938,0,78155616,0,14301549,0,0,0,114992827
15671_12_1558061324520331841,0,1488164,22488658,0,139338231,0,32954538,0,0,0,196269591
15671_12_1558061324772337523,0,1425202,21535624,0,70895391,0,21789571,0,0,0,115645788
15671_12_1558061324888004947,0,1366062,20780092,0,177045379,0,14326407,0,0,0,213517940
15671_12_1558061325156325639,0,1480717,22586802,0,110124296,0,12801551,0,0,0,146993366
15671_12_1558061325392990083,0,1410186,19990927,0,29532129,0,28214301,0,0,0,79147543
15671_12_1558061325523653238,0,1411116,20315785,0,61618386,0,15186530,0,0,0,98531817
15671_12_1558061325667662321,0,1390890,20022002,0,39775208,0,23759993,0,0,0,84948093
15671_12_1558061325810947663,0,1351814,19332724,0,114543576,0,14290053,0,0,0,149518167
15671_12_1558061325998465672,0,1371387,21352506,0,97967622,0,16132187,0,0,0,136823702
15671_12_1558061326187635917,0,1320778,20468054,0,149589681,0,17536720,0,0,0,188915233
15671_12_1558061326376579692,0,1360952,20488138,0,91570931,0,13409606,0,0,0,126829627
15671_12_1558061326547859846,0,1225171,20336591,0,87277485,0,16149612,0,0,0,124988859
15671_12_1558061326715975953,0,1241743,19910737,0,42794727,0,13481327,0,0,0,77428534
15671_12_1558061326836219521,0,1231656,20894467,0,75534548,0,7611738,0,0,0,105272409
15671_12_1558061326981950354,0,1435981,19583226,0,91349086,0,101329514,0,0,0,213697807
15671_12_1558061327282573461,0,1561559,23726719,0,143228363,0,22364027,0,0,0,190880668
15671_12_1558061327595487033,0,1419404,21577594,0,68155045,0,20179783,0,0,0,111331826
15671_12_1558061327772287540,0,1640460,22124738,0,89929964,0,25692250,0,0,0,139387412
15671_12_1558061328011531035,0,1987993,19388533,0,52237620,0,18388315,0,0,0,92002461
15671_12_1558061328154518033,0,1465781,21497655,0,118087077,0,53641110,0,0,0,194691623
15671_12_1558061328404931654,0,1419692,22161881,0,195067280,0,24433474,0,0,0,243082327
15671_12_1558061328648109109,0,1474569,21715787,0,127013152,0,30475301,0,0,0,180678809
15671_12_1558061328873196866,0,1441814,20336353,0,57622667,0,16005815,0,0,0,95406649
15671_12_1558061329004954156,0,1292016,19789321,0,146916097,0,15028721,0,0,0,183026155
15671_12_1558061329278585241,0,1468876,21116524,0,15767861,0,22221158,0,0,0,60574419
15671_12_1558061329339201177,0,1490968,23335225,0,133114711,0,13984893,0,0,0,171925797
15671_12_1558061329565644909,0,1493963,21275516,0,32896345,0,36369432,0,0,0,92035256
15671_12_1558061329766095831,0,1283760,19585593,0,29675173,0,30368722,0,0,0,80913248
15671_12_1558061329883853797,0,1224340,18373546,0,81966701,0,18427933,0,0,0,119992520
15671_12_1558061330065896632,0,1059585,17998458,0,51142281,0,13726270,0,0,0,83926594
15671_12_1558061330187151111,0,1334431,17705832,0,59058981,0,27989578,0,0,0,106088822
15671_12_1558061330340269068,0,1224912,20037557,0,44351096,0,21014685,0,0,0,86628250
15671_12_1558061330448298868,0,1398360,19962674,0,102325644,0,25050441,0,0,0,148737119
15671_12_1558061330597065854,0,1447974,21271121,0,103224575,0,39802294,0,0,0,165745964
15671_12_1558061330762835438,0,1509510,21830510,0,51027525,0,34331967,0,0,0,108699512
15671_12_1558061330871561581,0,1618803,21832163,0,102984503,0,8929349,0,0,0,135364818
15671_12_1558061331038412104,0,1284882,20550455,0,129624056,0,18127362,0,0,0,169586755
15671_12_1558061331208024069,0,1155785,19829023,0,78885821,0,10450851,0,0,0,110321480
15671_12_1558061331379865287,0,1490603,20926396,0,48466488,0,25278430,0,0,0,96161917
15671_12_1558061331528506406,0,1559785,25557295,0,133532173,0,21310773,0,0,0,181960026
15671_12_1558061331752050460,0,1535686,20889913,0,59093257,0,19433981,0,0,0,100952837
15671_12_1558061331853053838,0,1363631,21688149,0,134355487,0,14127243,0,0,0,171534510
15671_12_1558061332125560327,0,1272782,20840343,0,80805887,0,6254297,0,0,0,109173309
15671_12_1558061332305275032,0,1638998,23005730,0,95154222,0,15865310,0,0,0,135664260
15671_12_1558061332440969376,0,1339392,20865761,0,131297360,0,21705375,0,0,0,175207888
15671_12_1558061332691871608,0,1528881,22091176,0,59678018,0,36114548,0,0,0,119412623
15671_12_1558061332811335162,0,1447363,21323866,0,145799023,0,17767103,0,0,0,186337355
15671_12_1558061333046598640,0,1311901,20820676,0,62514541,0,10397344,0,0,0,95044462
15671_12_1558061333165571979,0,1508733,24010192,0,107789491,0,38249400,0,0,0,171557816
15671_12_1558061333395834102,0,1471879,20125888,0,39734166,0,45155168,0,0,0,106487101
15671_12_1558061333560328946,0,1468060,22026046,0,51805866,0,32532735,0,0,0,107832707
15671_12_1558061333732316590,0,1350527,22088736,0,79482931,0,34603724,0,0,0,137525918
15671_12_1558061333915918065,0,1324275,20443139,0,103976856,0,15370930,0,0,0,141115200
15671_12_1558061334057053713,0,1405705,22025882,0,149086923,0,7274151,0,0,0,179792661
15671_12_1558061334283872099,0,1340884,19039785,0,23142943,0,34734038,0,0,0,78257650
15671_12_1558061334402575784,0,1412016,21427654,0,118794920,0,20999072,0,0,0,162633662
15671_12_1558061334611546266,0,1407221,21188122,0,93145560,0,16498689,0,0,0,132239592
15671_12_1558061334779068505,0,1302347,20568651,0,94429699,0,10596001,0,0,0,126896698
15671_12_1558061334932143532,0,1300524,22903722,0,137182461,0,26000192,0,0,0,187386899
15671_12_1558061335195711086,0,1190334,19811221,0,61116763,0,18829924,0,0,0,100948242
15671_12_1558061335296697347,0,1265826,20005471,0,137351473,0,14652547,0,0,0,173275317
15671_12_1558061335538620487,0,1272742,18956245,0,49062796,0,12331273,0,0,0,81623056
15671_12_1558061335620267585,0,1203380,19090266,0,110174967,0,12741126,0,0,0,143209739
15671_12_1558061335802639424,0,1234104,19536284,0,78113839,0,18552963,0,0,0,117437190
15671_12_1558061335966203058,0,1155701,19140423,0,63141564,0,11658645,0,0,0,95096333
15671_12_1558061336086399208,0,1254129,17326162,0,43255276,0,12023941,0,0,0,73859508
15671_12_1558061336160286371,0,1165985,18394781,0,65756095,0,5258633,0,0,0,90575494
15671_12_1558061336309155906,0,1247549,19244130,0,40343738,0,11992624,0,0,0,72828041
15671_12_1558061336423429362,0,1360608,19885566,0,54969099,0,92046775,0,0,0,168262048
15671_12_1558061336802543973,0,1465400,23309948,0,69109230,0,17695589,0,0,0,111580167
15671_12_1558061337018163529,0,1500915,20936620,0,63221163,0,34154301,0,0,0,119812999
15671_12_1558061337183228658,0,1379869,19565528,0,34204199,0,13434758,0,0,0,68584354
15671_12_1558061337300747483,0,1185765,18882401,0,47607244,0,26298565,0,0,0,93973975
15671_12_1558061337437250446,0,1150591,18363395,0,46024558,0,21489809,0,0,0,87028353
15671_12_1558061337560953968,0,1471358,20384808,0,28219724,0,40402012,0,0,0,90477902
15671_12_1558061337651542424,0,1372364,20824524,0,109530625,0,20281225,0,0,0,152008738
15671_12_1558061337803628849,0,1350506,21400955,0,157833978,0,10366478,0,0,0,190951917
15671_12_1558061338028773592,0,1336687,19522442,0,86245204,0,11763111,0,0,0,118867444
15671_12_1558061338147666162,0,1223446,20158881,0,116906151,0,6506127,0,0,0,144794605
15671_12_1558061338328940847,0,1619355,22731090,0,90578717,0,23692707,0,0,0,138621869
15671_12_1558061338547795384,0,1616879,20749775,0,40794951,0,62379742,0,0,0,125541347
15671_12_1558061338731839201,0,1384180,21311152,0,106612399,0,18166903,0,0,0,147474634
15671_12_1558061338991995141,0,1485198,20323903,0,63165630,0,28003573,0,0,0,112978304
15671_12_1558061339152322620,0,1451239,20321095,0,23664807,0,28933186,0,0,0,74370327
15671_12_1558061339259465276,0,1259291,21729888,0,105347038,0,15986748,0,0,0,144322965
15671_12_1558061339455754411,0,1664319,21944515,0,160114812,0,37643784,0,0,0,221367430
15671_12_1558061339723804119,0,1458061,21464577,0,136004524,0,22032042,0,0,0,180959204
15671_12_1558061339904784688,0,1433467,20884953,0,79357380,0,20799703,0,0,0,122475503
15671_12_1558061340068332550,0,1524790,22326756,0,53340011,0,20631125,0,0,0,97822682
15671_12_1558061340329150148,0,1486123,21618816,0,73573983,0,14954838,0,0,0,111633760
15671_12_1558061340440819648,0,1260536,20100635,0,116028938,0,16644023,0,0,0,154034132
15671_12_1558061340644040669,0,1384517,21852630,0,74891091,0,20799686,0,0,0,118927924
15671_12_1558061340827754377,0,1485462,23067106,0,99134629,0,19907006,0,0,0,143594203
15671_12_1558061340971376597,0,1452791,23882646,0,199719859,0,31675120,0,0,0,256730416
15671_12_1558061341279524593,0,1486182,19979201,0,78701898,0,51112084,0,0,0,151279365
15671_12_1558061341483674988,0,1457791,21436416,0,31761170,0,66551950,0,0,0,121207327
15671_12_1558061341604903978,0,1404669,22931738,0,116624305,0,30279191,0,0,0,171239903
15671_12_1558061341799782625,0,1570380,21828578,0,117725623,0,25392099,0,0,0,166516680
15671_12_1558061342053192270,0,1409435,22324510,0,92534496,0,18810416,0,0,0,135078857
15671_12_1558061342313473421,0,1445410,20588192,0,91509214,0,30967754,0,0,0,144510570
15671_12_1558061342507796565,0,1303532,20767010,0,84086855,0,16705674,0,0,0,122863071
15671_12_1558061342686164250,0,1338151,20491037,0,83647467,0,14743077,0,0,0,120219732
15671_12_1558061342806418418,0,1439002,19779315,0,180224026,0,15484664,0,0,0,216927007
15671_12_1558061343079682071,0,1384124,21610842,0,78903918,0,18223122,0,0,0,120122006
15671_12_1558061343279709842,0,1475087,23246154,0,99840463,0,14723596,0,0,0,139285300
15671_12_1558061343419207203,0,1578869,23124771,0,142621606,0,18010055,0,0,0,185335301
15671_12_1558061343645865841,0,1245528,20776824,0,72909579,0,22913178,0,0,0,117845109
15671_12_1558061343824048437,0,1504030,21291945,0,63425929,0,16785431,0,0,0,103007335
15671_12_1558061343969751794,0,1385795,21627546,0,18977167,54293,29609574,0,0,0,71654375
15671_12_1558061344080540252,0,1444206,20898631,0,90971575,0,21606619,0,0,0,134921031
15671_12_1558061344308021980,0,1695269,22097527,0,76687761,0,30245576,0,0,0,130726133
15671_12_1558061344498486755,0,1439400,21819573,0,41475419,0,15384406,0,0,0,80118798
15671_12_1558061344607851261,0,1535836,22123414,0,49951390,0,21777985,0,0,0,95388625
15671_12_1558061344734062778,0,1438612,21285605,0,86524692,0,20856665,0,0,0,130105574
15671_12_1558061344917009795,0,1442854,21429473,0,76980734,0,19395973,0,0,0,119249034
15671_12_1558061345085801933,0,1244325,20566900,0,115230028,0,8944050,0,0,0,145985303
15671_12_1558061345279112295,0,1535043,22454787,0,36098395,0,14714016,0,0,0,74802241
15671_12_1558061345414328550,0,1389715,22372054,0,116167935,0,2583668,0,0,0,142513372
15671_12_1558061345591240846,0,1584150,22714364,0,134236045,0,28894242,0,0,0,187428801
15671_12_1558061345819935264,0,1316331,20280757,0,77587366,0,32601002,0,0,0,131785456
15671_12_1558061345994778567,0,1374095,19867384,0,44972061,0,22963792,0,0,0,89177332
15671_12_1558061346176731654,0,1638313,20539720,0,7926673,0,33857343,0,0,0,63962049
15671_12_1558061346240723597,0,1397354,20846941,0,104569980,0,16722644,0,0,0,143536919
15671_12_1558061346430819670,0,1488531,20750076,0,84395788,0,28504753,0,0,0,135139148
15671_12_1558061346601465458,0,1767572,23747549,0,67842392,0,30726070,0,0,0,124083583
15671_12_1558061346725591726,0,1481330,21095694,0,95151632,0,20758178,0,0,0,138486834
15671_12_1558061346895901581,0,1352402,20358434,0,77451910,0,14337430,0,0,0,113500176
15671_12_1558061347075880056,0,1211250,17986396,0,22565166,0,25004549,0,0,0,66767361
15671_12_1558061347179851727,0,1313341,20202776,0,47179832,0,31678473,0,0,0,100374422
15671_12_1558061347331998441,0,1394022,20121471,0,50625428,0,27939802,0,0,0,100080723
15671_12_1558061347471629672,0,1282894,19154514,0,61312238,0,17225579,0,0,0,98975225
15671_12_1558061347620006498,0,1436313,20898631,0,134382054,0,14768154,0,0,0,171485152
15671_12_1558061347843825299,0,1241964,21550816,0,92907934,0,12198213,0,0,0,127898927
15671_12_1558061348056092916,0,1516337,21646608,0,73065793,0,27363418,0,0,0,123592156
15671_12_1558061348235810837,0,1460004,20842458,0,105658387,0,15251807,0,0,0,143212656
15671_12_1558061348468089915,0,1305971,20575783,0,66763566,0,15889916,0,0,0,104535236
15671_12_1558061348634478518,0,1411420,21141537,0,48195932,0,49269379,0,0,0,120018268
15671_12_1558061348793676295,0,1336578,20507352,0,109381072,0,16731060,0,0,0,147956062
15671_12_1558061349025322545,0,1546298,23049958,0,117461558,0,43392334,0,0,0,185450148
15671_12_1558061349242264661,0,1434326,20806262,0,136458106,0,47894624,0,0,0,206593318
15671_12_1558061349498393404,0,1276517,21045647,0,128135514,0,17411437,0,0,0,167869115
15671_12_1558061349702338560,0,1350460,19730482,0,79753052,0,24170154,0,0,0,125004148
15671_12_1558061349875941431,0,1226266,20033655,0,75428594,0,8241569,0,0,0,104930084
15671_12_1558061350041561053,0,1318855,21098653,0,140772994,0,16168266,0,0,0,179358768
15671_12_1558061350260841700,0,1248684,19740553,0,50927760,0,28378903,0,0,0,100295900
15671_12_1558061350361157250,0,1183465,18560347,0,160139779,0,33364468,0,0,0,213248059
15671_12_1558061350625661227,0,1259063,19988727,0,118743223,0,15201350,0,0,0,155192363
15671_12_1558061350822655116,0,1362273,22921742,0,135729132,0,14882225,0,0,0,174895372
15671_12_1558061351061471154,0,1291008,21085871,0,134036133,0,23864580,0,0,0,180277592
15671_12_1558061351241792203,0,1193812,18479500,0,61967459,0,19194604,0,0,0,100835375
15671_12_1558061351396108128,0,1527921,22386682,0,99055802,0,27890926,0,0,0,150861331
15671_12_1558061351602115563,0,1347282,19093288,0,29474512,0,36869012,0,0,0,86784094
15671_12_1558061351787445780,0,1326558,20848316,0,72710181,0,39407928,0,0,0,134292983
15671_12_1558061351943294609,0,1158957,18435116,0,118143533,0,13609037,0,0,0,151346643
15671_12_1558061352094673962,0,1172873,19670163,0,103255675,0,21441939,0,0,0,145540650
15671_12_1558061352240237536,0,1465725,22628561,0,129391067,0,36564686,0,0,0,190050039
15671_12_1558061352457660899,0,1313551,20575721,0,63868396,0,29161266,0,0,0,114918934
15671_12_1558061352662832539,0,1308853,19988353,0,73160719,0,27332377,0,0,0,121790302
15671_12_1558061352784654987,0,1230333,20004793,0,132148913,0,10730773,0,0,0,164114812
15671_12_1558061352987550399,0,1362250,20270805,0,133147447,0,46550446,0,0,0,201330948
15671_12_1558061353228589894,0,1343765,21305476,0,61183425,0,24418673,0,0,0,108251339
15671_12_1558061353392205904,0,1528214,21081576,0,101000780,0,13311732,0,0,0,136922302
15671_12_1558061353579940636,0,1287642,20391389,0,42592890,0,16704161,0,0,0,80976082
15671_12_1558061353700958146,0,1387409,21312742,0,55982859,0,20296459,0,0,0,98979469
15671_12_1558061353880062209,0,1520143,21110283,0,99368439,0,20191061,0,0,0,142189926
15671_12_1558061354132095659,0,1340801,21624213,0,106866217,0,14560771,0,0,0,144392002
15671_12_1558061354312397547,0,1428897,20926127,0,94650048,0,21409018,0,0,0,138414090
15671_12_1558061354499736187,0,1262079,19790545,0,59996489,0,15532956,0,0,0,96582069
15671_12_1558061354639348506,0,1589697,22335354,0,150758238,0,25101636,0,0,0,199784925
15671_12_1558061354884657769,0,1608688,22211614,0,66315309,0,18260681,0,0,0,108396292
15671_12_1558061355051432306,0,1460076,19529234,0,36460807,0,112832088,0,0,0,170282205
15671_12_1558061355221734629,0,1281998,20406305,0,42214221,0,11548035,0,0,0,75450559
15671_12_1558061355326693051,0,1485275,20745251,0,81295694,0,40681301,0,0,0,144207521
15671_12_1558061355508035339,0,1433575,21599240,0,62928272,0,18628768,0,0,0,104589855
15671_12_1558061355650023885,0,1490671,20213962,0,70213923,0,26120293,0,0,0,118038849
15671_12_1558061355818480018,0,1614391,20661271,0,74883714,0,19148946,0,0,0,116308322
15671_12_1558061356032386388,0,1403426,20756850,0,15049736,0,43386825,0,0,0,80596837
15671_12_1558061356164136497,0,1616488,20966429,0,49017332,0,37075818,0,0,0,108676067
15671_12_1558061356357042912,0,1432801,19775932,0,42334874,0,19727931,0,0,0,83271538
15671_12_1558061356440340756,0,1414980,20465291,0,141261413,0,24277978,0,0,0,187419662
15671_12_1558061356723969323,0,1404175,21344667,0,43280679,0,28122876,0,0,0,94152397
15671_12_1558061356877370100,0,1269966,20734108,0,82383903,0,10288537,0,0,0,114676514
15671_12_1558061356992070154,0,1466744,23041229,0,128426101,0,16194426,0,0,0,169128500
15671_12_1558061357223236597,0,1633397,23998338,0,95880646,0,13396611,0,0,0,134908992
15671_12_1558061357415124234,0,1203134,18999722,0,61569339,0,22827734,0,0,0,104599929
15671_12_1558061357607392345,0,1219982,19193023,0,74148511,0,17933666,0,0,0,112495182
15671_12_1558061357719909788,0,1208357,19400399,0,133832236,0,12351232,0,0,0,166792224
15671_12_1558061357924823226,0,1372043,19648348,0,84279313,0,30277095,0,0,0,135576799
15671_12_1558061358134730226,0,1367793,20764889,0,66593526,0,29550447,0,0,0,118276655
15671_12_1558061358286025779,0,1532933,20717028,0,117337059,0,27962206,0,0,0,167549226
15671_12_1558061358484200305,0,1436188,21240880,0,113358027,0,14173490,0,0,0,150208585
15671_12_1558061358674032055,0,1381398,19842955,0,79319319,0,13070721,0,0,0,113614393
15671_12_1558061358830701170,0,1593622,21014354,0,140116165,0,22202278,0,0,0,184926419
15671_12_1558061359015656542,0,1375100,21305904,0,118901347,0,6333482,0,0,0,147915833
15671_12_1558061359231023776,0,1347575,21418224,0,153540233,0,20202109,0,0,0,196508141
15671_12_1558061359536540173,0,1362812,22153857,0,62023966,0,16033839,0,0,0,101574474
15671_12_1558061359671992006,0,1308609,21746053,0,177974866,0,32150152,0,0,0,233179680
15671_12_1558061359960722949,0,1509087,24337936,0,97432107,0,17837616,0,0,0,141116746
15671_12_1558061360160125680,0,1573942,22349541,0,55219811,0,16896862,0,0,0,96040156
15671_12_1558061360308915515,0,1338366,20266380,0,120410221,0,17618288,0,0,0,159633255
15671_12_1558061360509932239,0,1423147,22660007,0,117072613,0,6911994,0,0,0,148067761
15671_12_1558061360762901871,0,1476118,20818988,0,58277460,0,25132182,0,0,0,105704748
15671_12_1558061360957137998,0,1460852,22756998,0,74844087,0,19679031,0,0,0,118740968
15671_12_1558061361112119490,0,1318270,20824793,0,44866736,0,16907390,0,0,0,83917189
15671_12_1558061361240171925,0,1488124,22891649,0,67865443,0,22038392,0,0,0,114283608
15671_12_1558061361354493046,0,1192374,19794583,0,77282686,0,11119382,0,0,0,109389025
15671_12_1558061361463922362,0,1525185,24104596,0,106748271,0,11790481,0,0,0,144168533
15671_12_1558061361664699720,0,1314377,21826964,0,40724551,0,14836715,0,0,0,78702607
15671_12_1558061361788242204,0,1384878,21594597,0,56192112,0,19876659,0,0,0,99048246
15671_12_1558061361959978016,0,1452193,20375409,0,40378067,0,22150497,0,0,0,84356166
15671_12_1558061362097022033,0,1446369,20757503,0,79407998,0,19133523,0,0,0,120745393
15671_12_1558061362243971379,0,1521354,20031136,0,53866716,0,29486872,0,0,0,104906078
15671_12_1558061362440359403,0,1380765,20800722,0,73078224,0,21123654,0,0,0,116383365
15671_12_1558061362592456497,0,1313917,22012500,0,113709987,0,23560529,0,0,0,160596933
15671_12_1558061362856791031,0,1263988,18712028,0,44335310,0,26963085,0,0,0,91274411
15671_12_1558061362988167532,0,1251185,20178085,0,98226422,0,21579990,0,0,0,141235682
15671_12_1558061363162951207,0,1270217,20826975,0,75250136,0,16038754,0,0,0,113386082
15671_12_1558061363276397941,0,1317694,21095397,0,143024228,0,7238400,0,0,0,172675719
15671_12_1558061363449111170,0,1258837,20039366,0,100220329,0,26558545,0,0,0,148077077
15671_12_1558061363639783358,0,1472078,19959289,0,47993944,0,29065621,0,0,0,98490932
15671_12_1558061363777219387,0,1439034,21526354,0,107870527,0,20085283,0,0,0,150921198
15671_12_1558061363987532938,0,1298876,20497072,0,158832521,0,21428322,0,0,0,202056791
15671_12_1558061364288399356,0,1416980,21714052,0,56995739,0,26918344,0,0,0,107045115
15671_12_1558061364488162165,0,1562435,23478644,0,68252008,0,17381831,0,0,0,110674918
15671_12_1558061364654226000,0,1494934,21198655,0,38202718,0,23117203,0,0,0,84013510
15671_12_1558061364784139360,0,1494474,20738099,0,51032375,0,30798443,0,0,0,104063391
15671_12_1558061364943782509,0,1424073,22118684,0,99141909,0,16408421,0,0,0,139093087
15671_12_1558061365188001866,0,1519247,22299239,0,84896078,0,22980167,0,0,0,131694731
15671_12_1558061365356521547,0,1357291,20731725,0,101323796,0,16284752,0,0,0,139697564
15671_12_1558061365556012678,0,1383847,20536344,0,61037460,0,18551528,0,0,0,101509179
15671_12_1558061365695930853,0,1423277,20942934,0,59994436,0,33267799,0,0,0,115628446
15671_12_1558061365932332611,0,1465041,23117438,0,68890438,0,23817199,0,0,0,117290116
15671_12_1558061366096092599,0,1343879,20953858,0,109559958,0,15878787,0,0,0,147736482
15671_12_1558061366312226349,0,1387569,22680284,0,62697371,0,18477628,0,0,0,105242852
15671_12_1558061366459065286,0,1423524,19963718,0,87288678,0,18672268,0,0,0,127348188
15671_12_1558061366644159328,0,1456443,23125748,0,96569328,0,22567971,0,0,0,143719490
15671_12_1558061366900014409,0,1269920,19567166,0,19379602,50106,44934139,0,0,0,85200933
15671_12_1558061367032103973,0,1388407,22314750,0,44585651,0,17697165,0,0,0,85985973
15671_12_1558061367172080792,0,1510740,20645088,0,59433764,0,53511080,0,0,0,135100672
15671_12_1558061367358081059,0,1382563,20999123,0,77440432,0,24142617,0,0,0,123964735
15671_12_1558061367482107938,0,1362387,20930398,0,154562514,0,11010233,0,0,0,187865532
15671_12_1558061367696023003,0,1304334,20481492,0,107347912,0,13421707,0,0,0,142555445
15671_12_1558061367900224975,0,1411141,21182177,0,30619198,0,19153016,0,0,0,72365532
15671_12_1558061368012201462,0,1329116,18806406,0,20020483,0,34189727,0,0,0,74345732
15671_12_1558061368123176537,0,1578528,23086832,0,153232045,0,55333057,0,0,0,233230462
15671_12_1558061368457896907,0,1414365,22032055,0,79572618,0,22340800,0,0,0,125359838
15671_12_1558061368631817440,0,1357771,19919215,0,11975354,0,26735851,0,0,0,59988191
15671_12_1558061368763360317,0,1324758,19624553,0,28382835,0,24107950,0,0,0,73440096
15671_12_1558061368893279956,0,1424641,20754214,0,48746572,0,20779250,0,0,0,91704677
15671_12_1558061369033526060,0,1565464,23037056,0,130412125,0,35424343,0,0,0,190438988
15671_12_1558061369263332116,0,1487247,21361071,0,90295580,0,50842298,0,0,0,163986196
15671_12_1558061369453835768,0,1360515,20997063,0,54088688,0,17534122,0,0,0,93980388
15671_12_1558061369547843211,0,1286212,18715523,0,148539750,0,11625330,0,0,0,180166815
15671_12_1558061369751587515,0,1204202,18319257,0,86994160,0,14013068,0,0,0,120530687
15671_12_1558061369920325196,0,1278318,19668322,0,93736773,0,14790516,0,0,0,129473929
15671_12_1558061370084625360,0,1161489,18885200,0,104637086,0,11070244,0,0,0,135754019
15671_12_1558061370220409874,0,1262087,20709821,0,134565106,0,21081572,0,0,0,177618586
15671_12_1558061370471727423,0,1078761,17102879,0,48074624,0,8769142,0,0,0,75025406
15671_12_1558061370578784661,0,1022586,15002571,0,5715998,0,12799689,0,0,0,34540844
15671_12_1558061370657650515,0,1035063,16867783,0,29538232,0,16297966,0,0,0,63739044
15671_12_1558061370721409778,0,994251,16173203,0,64234877,0,7335253,0,0,0,88737584
15671_12_1558061370834265543,0,1098680,16782025,0,27758696,0,15288640,0,0,0,60928041
15671_12_1558061370915169187,0,1086390,15534401,0,32618742,0,24265806,0,0,0,73505339
15671_12_1558061370988695705,0,1333911,18586806,0,74803652,0,21598535,0,0,0,116322904
15671_12_1558061371136597981,0,1261988,21435806,0,64815107,0,11168407,0,0,0,98681308
15671_12_1558061371310111700,0,1312888,20118736,0,52617881,0,21594754,0,0,0,95644259
15671_12_1558061371463046665,0,1290663,19701539,0,47235020,0,26424209,0,0,0,94651431
15671_12_1558061371602637846,0,1254012,21471800,0,133755655,0,8491900,0,0,0,164973367
15671_12_1558061371816716815,0,1302715,20777039,0,148498193,0,20660055,0,0,0,191238002
15671_12_1558061372007991106,0,1245103,19400538,0,121436614,0,26345930,0,0,0,168428185
15671_12_1558061372303780739,0,1281897,18459403,0,49036327,0,23386145,0,0,0,92163772
15671_12_1558061372481796737,0,1536636,21262444,0,62940422,0,44980154,0,0,0,130719656
15671_12_1558061372612537300,0,1164835,18876866,0,141131293,0,19487574,0,0,0,180660568
15671_12_1558061372894888601,0,1254080,20818380,0,50202136,0,23217653,0,0,0,95492249
15671_12_1558061373050009858,0,1264987,20580412,0,79265351,0,16568804,0,0,0,117679554
15671_12_1558061373223291374,0,1549780,21527151,0,81301172,0,13898901,0,0,0,118277004
15671_12_1558061373389062586,0,1261166,20420052,0,96285684,0,23301348,0,0,0,141268250
15671_12_1558061373580642312,0,1290052,20559836,0,125196206,0,10668125,0,0,0,157714219
15671_12_1558061373804190072,0,1259740,19088449,0,101218754,0,15461432,0,0,0,137028375
15671_12_1558061373999803483,0,1196610,18679350,0,47606027,0,42050555,0,0,0,109532542
15671_12_1558061374177197415,0,1300885,19090808,0,18063538,0,25077776,0,0,0,63533007
15671_12_1558061374323844470,0,1482598,21013964,0,19443670,0,50359977,0,0,0,92300209
15671_12_1558061374416170060,0,1290698,18316729,0,58978390,0,76908381,0,0,0,155494198
15671_12_1558061374624329149,0,1186304,18782286,0,31806560,0,17083628,0,0,0,68858778
15671_12_1558061374693222121,0,1195519,17512839,0,44851857,0,15998491,0,0,0,79558706
15671_12_1558061374799155127,0,1344512,19566137,0,102336976,0,23092045,0,0,0,146339670
15671_12_1558061375015907472,0,1364227,20562708,0,56476034,0,21966780,0,0,0,100369749
15671_12_1558061375116304543,0,1259020,18031527,0,20702124,0,34208284,0,0,0,74200955
15671_12_1558061375291824974,0,1229545,17755583,0,19386906,0,42348385,0,0,0,80720419
15671_12_1558061375409877692,0,1118198,17762677,0,116570595,0,13385495,0,0,0,148836965
15671_12_1558061375664117335,0,1232516,18268853,0,26372969,0,8588758,0,0,0,54463096
15671_12_1558061375780485905,0,1416588,20267569,0,64073273,0,34270365,0,0,0,120027795
15671_12_1558061375966557907,0,1267606,18964812,0,141868585,0,30001515,0,0,0,192102518
15671_12_1558061376214878171,0,1216806,18816713,0,16680049,0,14162205,0,0,0,50875773
15671_12_1558061376336211280,0,1268744,20127554,0,60181085,0,33250116,0,0,0,114827499
15671_12_1558061376513228729,0,1409053,20296556,0,75992576,0,21752183,0,0,0,119450368
15671_12_1558061376692107219,0,1239573,19917604,0,111076567,0,15838521,0,0,0,148072265
15671_12_1558061376909261263,0,1254632,21173300,0,83484837,0,8576410,0,0,0,114489179
15671_12_1558061377079152906,0,1503500,20889172,0,12282206,0,36764589,0,0,0,71439467
15671_12_1558061377199933500,0,1514661,19669961,0,102146992,0,47643194,0,0,0,170974808
15671_12_1558061377420108819,0,1373468,19863331,0,55646480,0,18026510,0,0,0,94909789
15671_12_1558061377552544587,0,1383748,20825908,0,82655990,0,18439517,0,0,0,123305163
15671_12_1558061377721134560,0,1503723,22109422,0,141624461,0,16598655,0,0,0,181836261
15671_12_1558061378093828454,0,1343218,20217303,0,37045263,0,25297956,0,0,0,83903740
15671_12_1558061378177754205,0,1319136,19518766,0,128766499,0,19606799,0,0,0,169211200
15671_12_1558061378388035853,0,1198395,17393779,0,2591201,0,34687173,0,0,0,55870548
15671_12_1558061378443928153,0,1087696,20417145,0,206862200,0,9153907,0,0,0,237520948
15671_12_1558061378714065514,0,1337680,22122139,0,144792176,0,29592589,0,0,0,197844584
15671_12_1558061379039609057,0,1229799,19054454,0,81676363,0,12400326,0,0,0,114360942
15671_12_1558061379188591589,0,1300214,20889550,0,105825333,0,37046877,0,0,0,165061974
15671_12_1558061379391820458,0,1261304,18409422,0,44295747,0,25588229,0,0,0,89554702
15671_12_1558061379481408754,0,1384830,20494642,0,136653719,0,22120762,0,0,0,180653953
15671_12_1558061379753056290,0,1468286,20663826,0,50131981,0,29299043,0,0,0,101563136
15671_12_1558061379896265378,0,1546890,20305819,0,90874526,0,38771928,0,0,0,151499163
15671_12_1558061380096085785,0,1384589,20555624,0,95779217,0,15838909,0,0,0,133558339
15671_12_1558061380270373944,0,1367019,20354739,0,78068080,0,31427456,0,0,0,131217294
15671_12_1558061380471801127,0,1328643,21394732,0,82656910,0,16460055,0,0,0,121840340
15671_12_1558061380655017278,0,1336008,19942919,0,41835946,0,20437243,0,0,0,83552116
15671_12_1558061380786353720,0,1314049,20290928,0,119277812,0,20202793,0,0,0,161085582
15671_12_1558061381058631812,0,1250556,20333810,0,105459824,0,16962359,0,0,0,144006549
15671_12_1558061381233774867,0,1288052,20984556,0,98669791,0,20979200,0,0,0,141921599
15671_12_1558061381483906703,0,1350032,19949422,0,55873057,0,19013676,0,0,0,96186187
15671_12_1558061381657930839,0,1257705,19842959,0,61467036,0,10935896,0,0,0,93503596
15671_12_1558061381821471589,0,1246977,21071246,0,58876672,0,14776521,0,0,0,95971416
15671_12_1558061381955280952,0,1266750,21074093,0,131720796,0,10135294,0,0,0,164196933
15671_12_1558061382196090082,0,1246469,19671565,0,130900489,0,11376605,0,0,0,163195128
15671_12_1558061382391896356,0,1305483,19608874,0,32680466,0,29278337,0,0,0,82873160
15671_12_1558061382474794805,0,1257175,19660442,0,94145550,0,14310336,0,0,0,129373503
15671_12_1558061382651817879,0,1433935,20290367,0,133113037,0,19291416,0,0,0,174128755
15671_12_1558061382880156717,0,1409086,21113638,0,107544348,0,38150985,0,0,0,168218057
15671_12_1558061383099556531,0,1284142,21215999,0,66759372,0,21257803,0,0,0,110517316
15671_12_1558061383253760458,0,1309716,19859311,0,83295592,0,21502537,0,0,0,125967156
15671_12_1558061383379759859,0,1381973,21212033,0,144273203,0,11284581,0,0,0,178151790
15671_12_1558061383611943261,0,1257502,20743024,0,124798692,0,17110786,0,0,0,163910004
15671_12_1558061383819947062,0,1466591,22163713,0,89541032,0,24920146,0,0,0,138091482
15671_12_1558061383958057487,0,1267003,21435680,0,126872164,0,8933020,0,0,0,158507867
15671_12_1558061384116592429,0,1210576,21133924,0,91886350,0,11118518,0,0,0,125349368
15671_12_1558061384286910625,0,1316823,20780097,0,89100265,0,26113506,0,0,0,137310691
15671_12_1558061384424244367,0,1410595,20581163,0,174705306,0,19698530,0,0,0,216395594
15671_12_1558061384683891516,0,1583381,20608342,0,32757114,0,26228288,0,0,0,81177125
15671_12_1558061384804724885,0,1328618,20067970,0,112790503,0,14458800,0,0,0,148645891
15671_12_1558061385028654688,0,1255778,19358440,0,67496336,0,31678185,0,0,0,119788739
15671_12_1558061385192016396,0,1305762,19170014,0,53586415,0,35484850,0,0,0,109547041
15671_12_1558061385343908128,0,1191851,19170496,0,77519788,0,14118695,0,0,0,112000830
15671_12_1558061385455932356,0,1420037,21267632,0,129739624,0,23455844,0,0,0,175883137
15671_12_1558061385631838005,0,1339506,22021808,0,128129067,0,11846709,0,0,0,163337090
15671_12_1558061385880005477,0,1550083,22132729,0,52030472,0,37756512,0,0,0,113469796
15671_12_1558061385993564527,0,1379139,19613974,0,59658761,0,45665435,0,0,0,126317309
15671_12_1558061386212895026,0,1516992,21949425,0,84649999,0,27381917,0,0,0,135498333
15671_12_1558061386348416969,0,1302090,19504359,0,71197036,0,43210139,0,0,0,135213624
15671_12_1558061386519523447,0,1343151,18983572,0,57032793,0,39360448,0,0,0,116719964
15671_12_1558061386636268341,0,1331437,19372103,0,58858849,0,17867527,0,0,0,97429916
15671_12_1558061386780664321,0,1367926,21400154,0,73810813,0,14490514,0,0,0,111069407
15671_12_1558061386936531370,0,1419038,20399558,0,75134026,0,23150096,0,0,0,120102718
15671_12_1558061387100240755,0,1368190,20975572,0,35321250,0,25699445,0,0,0,83364457
15671_12_1558061387272489059,0,1404214,20641172,0,52545428,0,18419347,0,0,0,93010161
15671_12_1558061387394761242,0,1412027,21051972,0,120545298,0,19948592,0,0,0,162957889
15671_12_1558061387623706987,0,1603268,21914201,0,38022342,0,22407132,0,0,0,83946943
15671_12_1558061387740513344,0,1431089,20811613,0,34478963,0,15107805,0,0,0,71829470
15671_12_1558061387864109767,0,1266280,19530531,0,123775072,0,19625694,0,0,0,164197577
15671_12_1558061388076000751,0,1417600,21565816,0,38896052,0,11989797,0,0,0,73869265
15671_12_1558061388291599914,0,1119518,18861658,0,53573910,0,13744194,0,0,0,87299280
15671_12_1558061388431860708,0,1202702,19251196,0,66452325,0,14953423,0,0,0,101859646
15671_12_1558061388555851205,0,1167279,18425738,0,56383647,0,21225035,0,0,0,97201699
15671_12_1558061388695446421,0,1262699,20358748,0,105076664,0,16533164,0,0,0,143231275
15671_12_1558061388895807097,0,1261986,19347833,0,78072898,0,21400902,0,0,0,120083619
15671_12_1558061389101017979,0,1220857,19760204,0,69061907,0,20072762,0,0,0,110115730
15671_12_1558061389211160743,0,1224139,19563562,0,107945117,0,12040925,0,0,0,140773743
15671_12_1558061389379751723,0,1180169,18904916,0,78277032,0,18950877,0,0,0,117312994
15671_12_1558061389535970667,0,1204078,19468961,0,90189209,0,17062868,0,0,0,127925116
15671_12_1558061389703972175,0,1184897,18268769,0,57105567,0,25595248,0,0,0,102154481
15671_12_1558061389838724773,0,1398920,20431133,0,174573238,0,10675918,0,0,0,207079209
15671_12_1558061390101398205,0,1317606,20269509,0,84124485,0,21197309,0,0,0,126908909
15671_12_1558061390315548198,0,1253633,18745677,0,66540423,0,15752673,0,0,0,102292406
15671_12_1558061390450610507,0,1238798,18889567,0,31537365,0,24615059,0,0,0,76280789
15671_12_1558061390568302272,0,1277641,18584294,0,101572469,0,21857909,0,0,0,143292313
15671_12_1558061390761319091,0,1279766,18835068,0,33992927,0,20518639,0,0,0,74626400
15671_12_1558061390835969693,0,1254342,19298694,0,132229771,0,16446931,0,0,0,169229738
15671_12_1558061391049042869,0,1219230,19809868,0,93643923,0,23451981,0,0,0,138125002
15671_12_1558061391187203868,0,1411857,20411259,0,107305904,0,13088461,0,0,0,142217481
15671_12_1558061391380182297,0,1155163,19204795,0,104111133,0,18725893,0,0,0,143196984
15671_12_1558061391523405744,0,1184376,20601396,0,198574820,0,9975425,0,0,0,230336017
15671_12_1558061391839783269,0,1567250,21596855,0,32890190,0,42378381,0,0,0,98432676
15671_12_1558061391964325125,0,1128025,17425425,0,40778329,0,15250773,0,0,0,74582552
15671_12_1558061392038926011,0,1233539,18370600,0,79205133,0,15604499,0,0,0,114413771
15671_12_1558061392200192120,0,1213142,19934508,0,111301784,0,15839878,0,0,0,148289312
15671_12_1558061392348512593,0,1481754,22380448,0,119306785,0,24141259,0,0,0,167310246
15671_12_1558061392544809877,0,1482359,23789355,0,142429469,0,23489616,0,0,0,191190799
15671_12_1558061392736025194,0,1400994,21450725,0,80667799,0,24420020,0,0,0,127939538
15671_12_1558061392923826902,0,1253982,20946913,0,76327423,0,36293354,0,0,0,134821672
15671_12_1558061393095836184,0,1109366,17390414,0,79994234,0,11809167,0,0,0,110303181
15671_12_1558061393274812859,0,1256661,17425077,0,8878843,0,33725628,0,0,0,61286209
15671_12_1558061393365018755,0,1331213,20643664,0,51818218,0,28885596,0,0,0,102678691
15671_12_1558061393556291448,0,1670797,22674778,0,48109458,0,30482700,0,0,0,102937733
15671_12_1558061393659255763,0,1154550,21068177,0,127918292,0,4851333,0,0,0,154992352
15671_12_1558061393814286418,0,1373731,24588317,0,228533620,0,32862954,0,0,0,287358622
15671_12_1558061394159528923,0,1358154,20561214,0,89736812,0,30085765,0,0,0,141741945
15671_12_1558061394361706437,0,1362656,21860842,0,150898313,0,36083506,0,0,0,210205317
15671_12_1558061394662363551,0,1463436,20820287,0,42274288,0,34336921,0,0,0,98894932
15671_12_1558061394761285371,0,1242037,20383302,0,149621968,0,9009692,0,0,0,180256999
15671_12_1558061395007436477,0,1388282,22415883,0,94505561,0,13917542,0,0,0,132227268
15671_12_1558061395188588111,0,1464069,22044695,0,55105821,0,21081822,0,0,0,99696407
15671_12_1558061395331298677,0,1362744,21341123,0,93698963,0,23195546,0,0,0,139598376
15671_12_1558061395514914155,0,1198590,19008457,0,127192862,0,18219117,0,0,0,165619026
15671_12_1558061395680558295,0,1189997,20028669,0,130448161,0,8108854,0,0,0,159775681
15671_12_1558061395911060288,0,1161273,17984338,0,23844677,0,16598021,0,0,0,59588309
15671_12_1558061395970670953,0,1176052,21165445,0,151708011,0,9217649,0,0,0,183267157
15671_12_1558061396203985090,0,1353307,20855094,0,76153763,0,33589170,0,0,0,131951334
15671_12_1558061396417806706,0,1278852,19859515,0,50727189,0,18136554,0,0,0,90002110
15671_12_1558061396575754229,0,1197008,19240899,0,40617576,0,20150380,0,0,0,81205863
15671_12_1558061396656985791,0,1318987,20535359,0,130373497,0,27229707,0,0,0,179457550
15671_12_1558061396883952190,0,1175667,20626011,0,49109262,0,12331743,0,0,0,83242683
15671_12_1558061397024538141,0,1321064,20547917,0,109023883,0,62950322,0,0,0,193843186
15671_12_1558061397313012240,0,1460446,22537893,0,101453176,0,18477947,0,0,0,143929462
15671_12_1558061397456969541,0,1393658,21433419,0,148946030,0,16453361,0,0,0,188226468
15671_12_1558061397697188350,0,1337312,21239105,0,118377132,0,9419556,0,0,0,150373105
15671_12_1558061397887584710,0,1604455,22851427,0,134048996,0,12727006,0,0,0,171231884
15671_12_1558061398153056175,0,1379048,20848902,0,47523950,0,28779107,0,0,0,98531007
15671_12_1558061398251612841,0,1200536,20258768,0,168220681,0,11046559,0,0,0,200726544
15671_12_1558061398452434988,0,1420608,22475702,0,20056123,50977,4118930,0,0,0,48122340
15671_12_1558061398610849162,0,1206427,19797649,0,77225801,0,9303540,0,0,0,107533417
15671_12_1558061398785419807,0,1348870,21030828,0,80024840,0,15950809,0,0,0,118355347
15671_12_1558061398929500677,0,1287521,18118335,0,67894907,0,18565471,0,0,0,105866234
15671_12_1558061399133745316,0,1729103,22996011,0,82892812,0,17136375,0,0,0,124754301
15671_12_1558061399315936844,0,1452353,21965741,0,93459173,0,18822765,0,0,0,135700032
15671_12_1558061399491777318,0,1224889,18345678,0,72825258,0,17832190,0,0,0,110228015
15671_12_1558061399602026250,0,1380867,20747440,0,156738773,0,13765247,0,0,0,192632327
15671_12_1558061399851827715,0,1275539,20005224,0,81388625,0,16653302,0,0,0,119322690
15671_12_1558061399971175005,0,1187930,18522535,0,142193814,0,6828667,0,0,0,168732946
15671_12_1558061400179898417,0,1317115,20309982,0,127801708,0,14991901,0,0,0,164420706
15671_12_1558061400392619049,0,1266948,19881585,0,128314071,0,13951109,0,0,0,163413713
15671_12_1558061400610625167,0,1376654,20555760,0,78735145,0,20849850,0,0,0,121517409
15671_12_1558061400764207366,0,1252680,20133180,0,84121652,0,11913718,0,0,0,117421230
15671_12_1558061400925454376,0,1386610,19582037,0,77672047,0,24783419,0,0,0,123424113
15671_12_1558061401048921847,0,1239759,19535495,0,101539908,0,16759172,0,0,0,139074334
15671_12_1558061401218476886,0,1280841,17608986,0,7557575,0,33267174,0,0,0,59714576
15671_12_1558061401278221342,0,1203043,17655266,0,55691388,0,34799729,0,0,0,109349426
15671_12_1558061401419945343,0,1111732,16238944,0,21421183,0,29068633,0,0,0,67840492
15671_12_1558061401487805921,0,1005054,16417594,0,51350463,0,7047428,0,0,0,75820539
15671_12_1558061401625344569,0,1107926,18187284,0,130996851,0,15552819,0,0,0,165844880
15671_12_1558061401791222947,0,1161940,19737540,0,133918718,0,11677600,0,0,0,166495798
15671_12_1558061402049726560,0,1268032,18962631,0,32284668,0,26687750,0,0,0,79203081
15671_12_1558061402188606936,0,1304259,20823238,0,108646103,0,12705501,0,0,0,143479101
15671_12_1558061402332116388,0,1491742,19485866,0,81458930,0,25181294,0,0,0,127617832
15671_12_1558061402493583171,0,1369424,20206840,0,81355950,0,22703866,0,0,0,125636080
15671_12_1558061402619250642,0,1337150,21219321,0,137949182,0,20472628,0,0,0,180978281
15671_12_1558061402836992498,0,1612640,21974629,0,106726446,0,40329257,0,0,0,170642972
15671_12_1558061403114081237,0,1351793,21313645,0,67467352,0,21828182,0,0,0,111960972
15671_12_1558061403293929760,0,1425479,19887117,0,67241012,0,58489943,0,0,0,147043551
15671_12_1558061403491036293,0,1478364,21556592,0,47274194,0,17515928,0,0,0,87825078
15671_12_1558061403672123518,0,1509761,21254500,0,54127299,0,38328694,0,0,0,115220254
15671_12_1558061403820564864,0,1314366,19711108,0,75403434,0,20023145,0,0,0,116452053
15671_12_1558061403974871130,0,1610547,21137827,0,96051490,0,49868403,0,0,0,168668267
15671_12_1558061404209866314,0,1221456,20612347,0,100858501,0,8091172,0,0,0,130783476
15671_12_1558061404403314545,0,1288110,21380664,0,53996912,0,14987210,0,0,0,91652896
15671_12_1558061404611884372,0,1270294,19478384,0,47057403,0,20699769,0,0,0,88505850
15671_12_1558061404700415105,0,1259410,19661676,0,169054772,0,8226711,0,0,0,198202569
15671_12_1558061404924192896,0,1413824,22431409,0,160343262,0,11387443,0,0,0,195575938
15671_12_1558061405119887600,0,1434350,23700652,0,223469672,0,24244642,0,0,0,272849316
15671_12_1558061405427794767,0,1441732,22723320,0,107522116,0,12296828,0,0,0,143983996
15671_12_1558061405619658426,0,1364874,21156721,0,127342811,0,38271784,0,0,0,188136190
15671_12_1558061405979957264,0,1459876,20547014,0,54003622,0,34529768,0,0,0,110540280
15671_12_1558061406151847837,0,1283646,20574768,0,100412854,0,8967226,0,0,0,131238494
15671_12_1558061406356240360,0,1457489,20902025,0,79706859,0,25952543,0,0,0,128018916
15671_12_1558061406538403762,0,1333497,19078784,0,31373289,0,32523556,0,0,0,84309126
15671_12_1558061406671967869,0,1420529,20286986,0,43256412,0,39192880,0,0,0,104156807
15671_12_1558061406808614593,0,1540185,20863009,0,101277830,0,18597139,0,0,0,142278163
15671_12_1558061407011319476,0,1377292,20388940,0,56131626,0,15210653,0,0,0,93108511
15671_12_1558061407151839722,0,1486798,21286441,0,55971915,0,16870336,0,0,0,95615490
15671_12_1558061407303592206,0,1353144,21338547,0,101058681,0,14222648,0,0,0,137973020
15671_12_1558061407482677196,0,1349595,21188605,0,49059980,0,49352176,0,0,0,120950356
15671_12_1558061407701525304,0,1394070,21195396,0,59491316,0,9821578,0,0,0,91902360
15671_12_1558061407883285657,0,1296287,20992770,0,50606933,0,20821436,0,0,0,93717426
15671_12_1558061408017415305,0,1331793,21627643,0,61409034,0,15011767,0,0,0,99380237
15671_12_1558061408192446737,0,1295734,19400681,0,33599548,0,21486032,0,0,0,75781995
15671_12_1558061408289973525,0,1332228,20251702,0,112341381,0,19624385,0,0,0,153549696
15671_12_1558061408481033504,0,1250790,20333857,0,96169036,0,11708292,0,0,0,129461975
15671_12_1558061408648864460,0,1295614,19359532,0,142771001,0,36316075,0,0,0,199742222
15671_12_1558061408848632091,0,1210359,19603323,0,133365944,0,14461393,0,0,0,168641019
15671_12_1558061409017304994,0,1178836,19392836,0,115126643,0,34345175,0,0,0,170043490
15671_12_1558061409223816489,0,1407746,22045750,0,120805824,0,28078361,0,0,0,172337681
15671_12_1558061409396180723,0,1219641,20698503,0,111074079,0,14271904,0,0,0,147264127
15671_12_1558061409601424386,0,1601165,21179582,0,92666584,0,16341391,0,0,0,131788722
15671_12_1558061409784300692,0,1482248,19676515,0,77267351,0,24455116,0,0,0,122881230
15671_12_1558061409907214846,0,1238300,19352992,0,62921880,0,9545707,0,0,0,93058879
15671_12_1558061410056183875,0,1471496,22005716,0,96379733,0,17090171,0,0,0,136947116
15671_12_1558061410242798445,0,1416656,21450089,0,71504545,0,30424205,0,0,0,124795495
15671_12_1558061410398640064,0,1411495,19784002,0,62014137,0,46441548,0,0,0,129651182
15671_12_1558061410528342073,0,1690990,21686805,0,107590139,0,34535427,0,0,0,165503361
15671_12_1558061410748535020,0,1390314,21722248,0,63988106,0,25434419,0,0,0,112535087
15671_12_1558061410948050224,0,1332136,19465236,0,27368842,0,33468865,0,0,0,81635079
15671_12_1558061411075564939,0,1284256,20378682,0,116451994,0,26305491,0,0,0,164420423
15671_12_1558061411341937566,0,1263902,18720865,0,22916776,0,23648592,0,0,0,66550135
15671_12_1558061411408520529,0,1377446,21740507,0,211269539,0,11869616,0,0,0,246257108
15671_12_1558061411692543055,0,1385801,21038262,0,142597469,0,23651961,0,0,0,188673493
15671_12_1558061411971452479,0,1229857,18958330,0,39909655,0,15720918,0,0,0,75818760
15671_12_1558061412103084299,0,1266219,18776580,0,64867354,0,21203099,0,0,0,106113252
15671_12_1558061412264672016,0,1392173,21054971,0,53217548,51584,15893146,0,0,0,91609422
15671_12_1558061412356302426,0,1170293,19697012,0,156345939,0,23837799,0,0,0,201051043
15671_12_1558061412706815220,0,1281672,20639417,0,105236703,0,21476298,0,0,0,148634090
15671_12_1558061412898794531,0,1347947,20050885,0,100308565,0,46900321,0,0,0,168607718
15671_12_1558061413132048404,0,1316367,22266228,0,105154298,0,32317755,0,0,0,161054648
15671_12_1558061413327853959,0,1411168,22861173,0,114769744,0,24929253,0,0,0,163971338
15671_12_1558061413491851254,0,1510217,21665399,0,143408621,0,11803420,0,0,0,178387657
15671_12_1558061413722042254,0,1358815,20931635,0,57848589,0,17684224,0,0,0,97823263
15671_12_1558061413865886366,0,1329743,20006127,0,189692438,0,7173979,0,0,0,218202287
15671_12_1558061414126130157,0,1389011,20372094,0,8795128,0,19757747,0,0,0,50313980
15671_12_1558061414269563270,0,1428983,21833087,0,86574342,0,15856821,0,0,0,125693233
15671_12_1558061414452282331,0,1462135,20246648,0,67267630,0,26292348,0,0,0,115268761
15671_12_1558061414667373357,0,1332344,20350001,0,60713695,0,13674930,0,0,0,96070970
15671_12_1558061414852357609,0,1245864,20377456,0,43618089,0,40101040,0,0,0,105342449
15671_12_1558061415001365179,0,2019376,19522592,0,11989643,0,23859212,0,0,0,57390823
15671_12_1558061415114773724,0,1179715,18533397,0,47251496,0,16241656,0,0,0,83206264
15671_12_1558061415241254030,0,1406093,20565653,0,103047445,0,27619852,0,0,0,152639043
15671_12_1558061415435197634,0,1317788,21554169,0,56746486,0,24902612,0,0,0,104521055
15671_12_1558061415579058068,0,1423679,22212117,0,24712470,0,24393986,0,0,0,72742252
15671_12_1558061415651833371,0,1450745,20653812,0,100560328,0,23813712,0,0,0,146478597
15671_12_1558061415838138352,0,1472161,21691875,0,107280681,0,20753569,0,0,0,151198286
15671_12_1558061415989360233,0,1392278,21498747,0,99209821,0,19220189,0,0,0,141321035
15671_12_1558061416130713289,0,1261753,20361875,0,118937669,0,18903574,0,0,0,159464871
15671_12_1558061416290211218,0,1321299,21119874,0,112521104,0,24004522,0,0,0,158966799
15671_12_1558061416449204090,0,1433258,21329518,0,182125761,0,18349699,0,0,0,223238236
15671_12_1558061416672467743,0,1342982,20292870,0,75640798,0,16445014,0,0,0,113721664
15671_12_1558061416824211311,0,1299618,20598853,0,55507124,0,28681869,0,0,0,106087464
15671_12_1558061416988056342,0,1353329,19007741,0,45098417,0,50040374,0,0,0,115499861
15671_12_1558061417149916690,0,1349635,19546567,0,145774179,0,20044827,0,0,0,186715208
15671_12_1558061417391417584,0,1385162,19470734,0,102724131,0,10011583,0,0,0,133591610
15671_12_1558061417575873482,0,1288229,19670517,0,37471409,50891,25862057,0,0,0,84343103
15671_12_1558061417685985291,0,1599450,22030354,0,144992527,0,63475222,0,0,0,232097553
15671_12_1558061418008172221,0,1599506,21177762,0,74162989,0,14816102,0,0,0,111756359
15671_12_1558061418119953125,0,1317752,22507427,0,158048326,0,10560198,0,0,0,192433703
15671_12_1558061418360607779,0,1347681,20331003,0,86168286,0,12110912,0,0,0,119957882
15671_12_1558061418509569305,0,1440181,21753309,0,88230127,0,11206310,0,0,0,122629927
15671_12_1558061418675991944,0,1346976,22369565,0,96431840,0,10200757,0,0,0,130349138
15671_12_1558061418871776277,0,1450275,20965236,0,39022222,0,26569348,0,0,0,88007081
15671_12_1558061419023904374,0,1433927,21427794,0,64237250,0,21071427,0,0,0,108170398
15671_12_1558061419132095828,0,1454269,21950289,0,161290773,0,19936237,0,0,0,204631568
15671_12_1558061419336809375,0,1250385,19425069,0,83989470,0,28584305,0,0,0,133249229
15671_12_1558061419470082217,0,1223761,19755732,0,104143954,0,16057813,0,0,0,141181260
15671_12_1558061419697825311,0,1545981,22526052,0,44889412,0,25049993,0,0,0,94011438
15671_12_1558061419939532220,0,1314042,20769053,0,118408378,0,19605819,0,0,0,160097292
15671_12_1558061420146295663,0,1384209,21944177,0,69860732,0,22065225,0,0,0,115254343
15671_12_1558061420300079674,0,1324941,19610017,0,34807007,0,17391117,0,0,0,73133082
15671_12_1558061420405864658,0,1201661,19608201,0,73705692,0,17997445,0,0,0,112512999
15671_12_1558061420620300420,0,1406858,20091170,0,104626320,0,43320895,0,0,0,169445243
15671_12_1558061420789776236,0,1260121,20100024,0,139274870,0,20437826,0,0,0,181072841
15671_12_1558061421027801199,0,1499017,21147339,0,98543718,0,20900912,0,0,0,142090986
15671_12_1558061421219995673,0,1272065,20629649,0,100125356,0,15037977,0,0,0,137065047
15671_12_1558061421395970338,0,1350334,20550411,0,57390193,0,20053972,0,0,0,99344910
15671_12_1558061421539519122,0,1234953,17945155,0,41813364,0,25359795,0,0,0,86353267
