15694_12_1558061208291964885,0,987,1000,0,68,0,27,0,0,0,491703236
15694_12_1558061208830891738,0,217,204,0,36,0,24,0,0,0,98462067
15694_12_1558061208973413795,0,205,214,0,34,0,12,0,0,0,102364516
15694_12_1558061209184145602,0,217,201,0,35,0,25,0,0,0,91785540
15694_12_1558061209341446993,0,207,198,0,34,0,21,0,0,0,85671957
15694_12_1558061209493348613,0,211,220,0,60,0,23,0,0,0,122050880
15694_12_1558061209659924876,0,206,223,0,58,0,20,0,0,0,180085524
15694_12_1558061209901463931,0,199,208,0,36,0,12,0,0,0,149119523
15694_12_1558061210103765491,0,194,212,0,35,0,8,0,0,0,152870662
15694_12_1558061210297909931,0,202,206,0,37,0,16,0,0,0,101004116
15694_12_1558061210450396489,0,208,199,0,36,0,22,0,0,0,76767099
15694_12_1558061210595645500,0,202,221,0,52,0,16,0,0,0,164618359
15694_12_1558061210805459424,0,202,205,0,36,0,16,0,0,0,125235990
15694_12_1558061210972241855,0,216,218,0,63,0,26,0,0,0,109310100
15694_12_1558061211123860355,0,200,201,0,30,0,14,0,0,0,155172159
15694_12_1558061211327675117,0,206,196,0,31,0,20,0,0,0,128258902
15694_12_1558061211492247372,0,208,198,0,35,0,22,0,0,0,150812663
15694_12_1558061211715308182,0,202,205,0,36,0,16,0,0,0,94085231
15694_12_1558061211904208930,0,210,194,0,33,0,24,0,0,0,70384071
15694_12_1558061211974619122,0,201,209,0,39,0,14,0,0,0,149550458
15694_12_1558061212172210503,0,202,208,0,39,0,15,0,0,0,154852873
15694_12_1558061212401234070,0,214,228,0,71,0,27,0,0,0,102107781
15694_12_1558061212573277022,0,206,203,0,38,0,19,0,0,0,111209410
15694_12_1558061212730368167,0,204,197,0,30,0,18,0,0,0,103851150
15694_12_1558061212891461517,0,207,196,0,32,0,20,0,0,0,57694406
15694_12_1558061213015773580,0,207,201,0,37,0,21,0,0,0,129478256
15694_12_1558061213196529374,0,205,201,0,35,0,19,0,0,0,116186942
15694_12_1558061213353319331,0,205,204,0,38,0,19,0,0,0,126540934
15694_12_1558061213538908664,0,204,201,0,34,0,18,0,0,0,102445998
15694_12_1558061213689401534,0,205,199,0,33,0,19,0,0,0,90906017
15694_12_1558061213830831961,0,205,198,0,32,0,18,0,0,0,127964320
15694_12_1558061214020135201,0,208,198,0,35,0,22,0,0,0,76202727
15694_12_1558061214096393381,0,200,208,0,37,0,14,0,0,0,127283166
15694_12_1558061214270673188,0,209,193,0,31,0,23,0,0,0,130819774
15694_12_1558061214447941997,0,215,189,0,33,0,28,0,0,0,144146225
15694_12_1558061214778603112,0,212,189,0,30,0,26,0,0,0,96736181
15694_12_1558061214918535423,0,210,198,0,37,0,22,0,0,0,73984356
15694_12_1558061215043560434,0,210,243,0,82,0,24,0,0,0,124788200
15694_12_1558061215220519159,0,210,196,0,35,0,21,0,0,0,145567166
15694_12_1558061215419583580,0,216,230,0,75,1,27,0,0,0,60496053
15694_12_1558061215530118643,0,205,202,0,36,0,18,0,0,0,127058941
15694_12_1558061215686912325,0,209,211,0,49,0,23,0,0,0,111787105
15694_12_1558061215830697303,0,210,192,0,31,0,24,0,0,0,150164329
15694_12_1558061216030792146,0,202,202,0,33,0,16,0,0,0,93733931
15694_12_1558061216154705352,0,214,192,0,35,0,28,0,0,0,105627287
15694_12_1558061216260355372,0,201,202,0,32,0,14,0,0,0,88277632
15694_12_1558061216394801471,0,208,194,0,31,0,22,0,0,0,94696088
15694_12_1558061216489571745,0,208,192,0,29,0,22,0,0,0,140579239
15694_12_1558061216677370084,0,207,206,0,42,0,19,0,0,0,75449088
15694_12_1558061216796724408,0,208,198,0,35,0,21,0,0,0,174075485
15694_12_1558061217002996659,0,202,204,0,35,0,16,0,0,0,155359071
15694_12_1558061217191817622,0,206,198,0,33,0,20,0,0,0,105712504
15694_12_1558061217343925755,0,207,197,0,33,0,21,0,0,0,79300561
15694_12_1558061217475663580,0,204,198,0,31,0,18,0,0,0,115631235
15694_12_1558061217651234013,0,208,204,0,41,0,22,0,0,0,111668494
15694_12_1558061217811437869,0,210,200,0,39,0,23,0,0,0,204357817
15694_12_1558061218075840071,0,207,215,0,51,0,19,0,0,0,132160806
15694_12_1558061218286533143,0,205,225,0,59,0,19,0,0,0,170602387
15694_12_1558061218499419668,0,208,221,0,58,0,20,0,0,0,169875144
15694_12_1558061218760004100,0,212,217,0,58,0,26,0,0,0,115582331
15694_12_1558061218912147572,0,207,203,0,39,0,20,0,0,0,166546539
15694_12_1558061219120615621,0,214,224,0,67,0,28,0,0,0,131932337
15694_12_1558061219294986104,0,211,225,0,65,0,24,0,0,0,134564391
15694_12_1558061219473159066,0,214,231,0,74,0,26,0,0,0,149015649
15694_12_1558061219675174858,0,213,193,0,35,0,27,0,0,0,66051927
15694_12_1558061219823772378,0,211,236,0,76,0,22,0,0,0,189366922
15694_12_1558061220087106950,0,210,216,0,55,0,24,0,0,0,114304588
15694_12_1558061220249211855,0,207,196,0,32,0,20,0,0,0,80420943
15694_12_1558061220386250648,0,206,200,0,35,0,20,0,0,0,99993776
15694_12_1558061220532847138,0,216,224,0,69,0,27,0,0,0,100803332
15694_12_1558061220677900324,0,205,199,0,33,0,19,0,0,0,94303293
15694_12_1558061220810212876,0,210,192,0,31,0,24,0,0,0,65912783
15694_12_1558061220931838359,0,203,204,0,36,0,16,0,0,0,120940820
15694_12_1558061221052811035,0,211,229,0,69,0,25,0,0,0,134722639
15694_12_1558061221234641801,0,204,203,0,36,0,18,0,0,0,149714509
15694_12_1558061221384377100,0,198,206,0,33,0,11,0,0,0,171675008
15694_12_1558061221593794439,0,209,203,0,41,0,23,0,0,0,137782590
15694_12_1558061221790023653,0,205,202,0,36,0,19,0,0,0,115065870
15694_12_1558061221956917218,0,209,204,0,42,0,23,0,0,0,179051195
15694_12_1558061222171526749,0,200,204,0,33,0,14,0,0,0,189662601
15694_12_1558061222405205368,0,203,199,0,31,0,17,0,0,0,136352021
15694_12_1558061222611903561,0,204,201,0,34,0,17,0,0,0,81784836
15694_12_1558061222736800729,0,208,195,0,32,0,22,0,0,0,138968103
15694_12_1558061222915660438,0,209,193,0,31,0,23,0,0,0,101295595
15694_12_1558061223048370727,0,209,195,0,33,0,23,0,0,0,91774072
15694_12_1558061223172144208,0,214,187,0,30,0,28,0,0,0,91018880
15694_12_1558061223355805541,0,202,202,0,33,0,16,0,0,0,100588949
15694_12_1558061223547371560,0,203,204,0,36,0,17,0,0,0,96346688
15694_12_1558061223680086428,0,209,194,0,32,0,23,0,0,0,81537563
15694_12_1558061223761652817,0,204,210,0,43,0,17,0,0,0,144272949
15694_12_1558061223937831851,0,214,189,0,32,0,28,0,0,0,108318717
15694_12_1558061224141541264,0,208,198,0,35,0,22,0,0,0,75643969
15694_12_1558061224273292445,0,206,198,0,33,0,20,0,0,0,67619962
15694_12_1558061224380428892,0,208,198,0,35,0,22,0,0,0,71366803
15694_12_1558061224491363913,0,205,201,0,35,0,19,0,0,0,84911565
15694_12_1558061224615941920,0,203,197,0,29,0,17,0,0,0,113743363
15694_12_1558061224773622428,0,213,207,0,49,0,25,0,0,0,151564640
15694_12_1558061224925248297,0,199,206,0,34,0,13,0,0,0,142497034
15694_12_1558061225115961148,0,206,236,0,71,0,18,0,0,0,173962417
15694_12_1558061225289990142,0,209,228,0,66,0,22,0,0,0,221733931
15694_12_1558061225555779230,0,205,196,0,30,0,19,0,0,0,123066453
15694_12_1558061225678873259,0,204,198,0,31,0,17,0,0,0,188647289
15694_12_1558061225904052105,0,197,207,0,33,0,11,0,0,0,169796191
15694_12_1558061226107890300,0,199,206,0,34,0,13,0,0,0,128233552
15694_12_1558061226236148624,0,209,194,0,32,0,22,0,0,0,146712114
15694_12_1558061226434537654,0,206,231,0,68,0,21,0,0,0,138137572
15694_12_1558061226603886054,0,207,197,0,33,0,21,0,0,0,113719711
15694_12_1558061226776073385,0,217,216,0,62,0,26,0,0,0,99913243
15694_12_1558061226896325661,0,207,209,0,45,0,21,0,0,0,114713201
15694_12_1558061227052008958,0,204,204,0,37,0,18,0,0,0,155976537
15694_12_1558061227243048649,0,201,205,0,35,0,14,0,0,0,125591752
15694_12_1558061227368665833,0,197,208,0,34,0,11,0,0,0,172676292
15694_12_1558061227602902148,0,210,203,0,42,0,24,0,0,0,91663640
15694_12_1558061227734287216,0,206,197,0,32,0,19,0,0,0,169351125
15694_12_1558061227955857534,0,209,193,0,31,0,23,0,0,0,103521860
15694_12_1558061228103657519,0,203,202,0,34,0,16,0,0,0,131519648
15694_12_1558061228276305066,0,204,199,0,32,0,18,0,0,0,136298885
15694_12_1558061228460246920,0,205,199,0,33,0,19,0,0,0,157145414
15694_12_1558061228698731629,0,204,199,0,32,0,18,0,0,0,126618733
15694_12_1558061228825400668,0,206,200,0,35,0,20,0,0,0,123810450
15694_12_1558061228983890281,0,210,195,0,34,0,24,0,0,0,82371519
15694_12_1558061229120946618,0,209,198,0,36,0,23,0,0,0,91195708
15694_12_1558061229212166490,0,211,190,0,30,0,25,0,0,0,156801380
15694_12_1558061229402771051,0,199,202,0,30,0,13,0,0,0,111545768
15694_12_1558061229545117743,0,204,199,0,32,0,18,0,0,0,137302457
15694_12_1558061229715699080,0,205,195,0,29,0,19,0,0,0,126363175
15694_12_1558061229880432695,0,207,200,0,36,0,20,0,0,0,129720470
15694_12_1558061230031168268,0,213,193,0,35,0,26,0,0,0,97130767
15694_12_1558061230284295932,0,208,193,0,30,0,22,0,0,0,93355512
15694_12_1558061230377686067,0,197,209,0,35,0,11,0,0,0,106128996
15694_12_1558061230596163717,0,200,201,0,30,0,14,0,0,0,138378439
15694_12_1558061230775903498,0,204,201,0,34,0,18,0,0,0,172006328
15694_12_1558061230979853205,0,209,193,0,31,0,23,0,0,0,148462368
15694_12_1558061231170508085,0,204,200,0,33,0,18,0,0,0,144203420
15694_12_1558061231379962024,0,197,207,0,33,0,11,0,0,0,132406320
15694_12_1558061231512398413,0,206,194,0,29,0,20,0,0,0,112207196
15694_12_1558061231682770143,0,208,191,0,28,0,22,0,0,0,74535219
15694_12_1558061231806304798,0,209,196,0,34,0,23,0,0,0,100202310
15694_12_1558061231940814500,0,205,198,0,32,0,19,0,0,0,119179011
15694_12_1558061232111667146,0,206,203,0,38,0,18,0,0,0,88162602
15694_12_1558061232199866992,0,205,200,0,34,0,19,0,0,0,165893754
15694_12_1558061232365796055,0,204,202,0,35,0,18,0,0,0,120997140
15694_12_1558061232512291754,0,200,206,0,35,0,14,0,0,0,135727622
15694_12_1558061232687901474,0,211,225,0,65,0,22,0,0,0,129358920
15694_12_1558061232817302223,0,202,238,0,69,0,16,0,0,0,209502889
15694_12_1558061233026826626,0,202,208,0,39,0,16,0,0,0,188828009
15694_12_1558061233245861065,0,204,204,0,37,0,18,0,0,0,146093537
15694_12_1558061233423806084,0,205,198,0,32,0,18,0,0,0,108858810
15694_12_1558061233580006015,0,205,202,0,36,0,18,0,0,0,103368182
15694_12_1558061233733410380,0,204,204,0,37,0,18,0,0,0,139755686
15694_12_1558061233907975231,0,207,196,0,32,0,20,0,0,0,126648526
15694_12_1558061234083489665,0,206,200,0,35,0,20,0,0,0,123956119
15694_12_1558061234279813275,0,205,196,0,30,0,19,0,0,0,93600656
15694_12_1558061234419899344,0,214,191,0,34,0,28,0,0,0,127632674
15694_12_1558061234599979721,0,204,202,0,35,0,18,0,0,0,139806527
15694_12_1558061234786565483,0,208,195,0,32,0,22,0,0,0,94679474
15694_12_1558061234932344700,0,211,194,0,34,0,25,0,0,0,118463773
15694_12_1558061235107797840,0,213,219,0,61,0,25,0,0,0,172214282
15694_12_1558061235280389231,0,210,210,0,49,0,22,0,0,0,182884439
15694_12_1558061235503845378,0,205,224,0,58,0,18,0,0,0,182251727
15694_12_1558061235739782179,0,205,199,0,33,0,19,0,0,0,126650024
15694_12_1558061235907807745,0,205,195,0,29,0,19,0,0,0,123051860
15694_12_1558061236060347652,0,206,200,0,35,0,20,0,0,0,133076603
15694_12_1558061236219430713,0,201,208,0,38,0,13,0,0,0,94116570
15694_12_1558061236369677241,0,200,201,0,30,0,14,0,0,0,128837826
15694_12_1558061236606830885,0,205,194,0,28,0,19,0,0,0,82144806
15694_12_1558061236747916068,0,211,196,0,36,0,25,0,0,0,86484751
15694_12_1558061236893790068,0,207,200,0,36,0,20,0,0,0,100321774
15694_12_1558061237036174689,0,206,206,0,41,0,19,0,0,0,126981583
15694_12_1558061237187961726,0,199,203,0,31,0,13,0,0,0,157367386
15694_12_1558061237430638945,0,208,195,0,32,0,22,0,0,0,103841732
15694_12_1558061237534525063,0,210,228,0,67,0,19,0,0,0,191155472
15694_12_1558061237725706731,0,201,225,0,55,0,14,0,0,0,190135143
15694_12_1558061238015013235,0,212,190,0,31,0,26,0,0,0,86270651
15694_12_1558061238164524056,0,204,197,0,30,0,18,0,0,0,90497502
15694_12_1558061238307998636,0,207,217,0,53,0,20,0,0,0,107689041
15694_12_1558061238467808682,0,206,196,0,31,0,20,0,0,0,99904983
15694_12_1558061238567739897,0,199,207,0,35,0,13,0,0,0,106626614
15694_12_1558061238731061463,0,207,196,0,32,0,21,0,0,0,73067125
15694_12_1558061238844797957,0,209,196,0,34,0,22,0,0,0,94920841
15694_12_1558061238995916997,0,207,196,0,32,0,21,0,0,0,131122423
15694_12_1558061239211786234,0,207,225,0,61,0,20,0,0,0,74473873
15694_12_1558061239286280232,0,205,202,0,36,0,19,0,0,0,156745107
15694_12_1558061239443050310,0,198,207,0,34,0,12,0,0,0,185054008
15694_12_1558061239732413936,0,211,196,0,36,0,24,0,0,0,101673557
15694_12_1558061239834130597,0,202,204,0,35,0,16,0,0,0,129155994
15694_12_1558061240054204267,0,204,198,0,31,0,18,0,0,0,122868724
15694_12_1558061240177114633,0,204,200,0,33,0,16,0,0,0,139028667
15694_12_1558061240367950547,0,203,205,0,37,0,17,0,0,0,156422025
15694_12_1558061240524394482,0,206,201,0,36,0,20,0,0,0,127204512
15694_12_1558061240688276654,0,204,203,0,36,0,18,0,0,0,206619488
15694_12_1558061240895084341,0,199,224,0,52,0,11,0,0,0,246956614
15694_12_1558061241159867369,0,200,204,0,33,0,13,0,0,0,147804047
15694_12_1558061241347576673,0,211,193,0,33,0,25,0,0,0,108785085
15694_12_1558061241503884982,0,204,199,0,32,0,18,0,0,0,135197956
15694_12_1558061241671871340,0,202,204,0,35,0,16,0,0,0,120619991
15694_12_1558061241792538587,0,199,210,0,38,0,13,0,0,0,172271612
15694_12_1558061242018317813,0,207,200,0,36,0,21,0,0,0,153257196
15694_12_1558061242248344976,0,208,195,0,32,0,21,0,0,0,110581390
15694_12_1558061242394322834,0,209,191,0,29,0,23,0,0,0,105797430
15694_12_1558061242530516415,0,207,200,0,36,0,21,0,0,0,105967569
15694_12_1558061242696279821,0,212,193,0,34,0,24,0,0,0,105317068
15694_12_1558061242840068523,0,206,198,0,33,0,19,0,0,0,95176128
15694_12_1558061242935272047,0,198,206,0,33,0,12,0,0,0,122112131
15694_12_1558061243155772865,0,210,196,0,35,0,24,0,0,0,86260803
15694_12_1558061243291861939,0,200,203,0,32,0,14,0,0,0,94065740
15694_12_1558061243448129930,0,202,208,0,39,0,16,0,0,0,76889125
15694_12_1558061243564145751,0,214,238,0,81,0,25,0,0,0,195219542
15694_12_1558061243759431333,0,207,198,0,34,0,21,0,0,0,167512592
15694_12_1558061243926969088,0,195,210,0,34,0,9,0,0,0,198921901
15694_12_1558061244151244692,0,212,191,0,32,0,26,0,0,0,94119251
15694_12_1558061244245405741,0,208,197,0,34,0,22,0,0,0,183651825
15694_12_1558061244509071546,0,207,195,0,31,0,21,0,0,0,62654121
15694_12_1558061244735953053,0,206,196,0,31,0,20,0,0,0,80593249
15694_12_1558061244816573416,0,213,220,0,62,0,26,0,0,0,159952457
15694_12_1558061245011774411,0,212,193,0,34,0,26,0,0,0,88690194
15694_12_1558061245132360992,0,211,197,0,37,0,24,0,0,0,129895922
15694_12_1558061245262296986,0,204,199,0,32,0,18,0,0,0,100729808
15694_12_1558061245411233417,0,212,191,0,32,0,25,0,0,0,75392631
15694_12_1558061245521607023,0,206,210,0,45,0,19,0,0,0,90460165
15694_12_1558061245612088596,0,212,218,0,59,0,26,0,0,0,168275462
15694_12_1558061245875471696,0,205,198,0,32,0,19,0,0,0,86473093
15694_12_1558061246013865532,0,212,217,0,58,0,23,0,0,0,109027859
15694_12_1558061246154449307,0,199,211,0,39,0,12,0,0,0,99792597
15694_12_1558061246254262586,0,201,201,0,31,0,14,0,0,0,111920767
15694_12_1558061246394692266,0,208,199,0,36,0,21,0,0,0,109114146
15694_12_1558061246531934462,0,207,197,0,33,0,20,0,0,0,82707089
15694_12_1558061246704375457,0,205,199,0,33,0,19,0,0,0,84539994
15694_12_1558061246788948531,0,202,199,0,30,0,16,0,0,0,163494170
15694_12_1558061247001506640,0,210,245,0,84,0,24,0,0,0,139394075
15694_12_1558061247140925011,0,212,197,0,38,0,26,0,0,0,125381233
15694_12_1558061247372427463,0,212,190,0,31,0,26,0,0,0,68210139
15694_12_1558061247496123136,0,204,198,0,31,0,18,0,0,0,130247862
15694_12_1558061247672774641,0,214,191,0,34,0,27,0,0,0,154772393
15694_12_1558061248011531659,0,249,242,0,36,0,21,0,0,0,113181395
15694_12_1558061248196231739,0,201,205,0,35,0,15,0,0,0,113855801
15694_12_1558061248362879291,0,209,193,0,31,0,23,0,0,0,84180960
15694_12_1558061248532793969,0,212,192,0,33,0,26,0,0,0,76315194
15694_12_1558061248795389086,0,210,195,0,34,0,24,0,0,0,149858871
15694_12_1558061248945271540,0,212,191,0,32,0,25,0,0,0,114896907
15694_12_1558061249060190320,0,210,192,0,31,0,24,0,0,0,154471009
15694_12_1558061249727395568,0,221,562,0,414,68,276,0,0,0,21812074089
15694_12_1558061272147623202,0,205,230,0,64,1,21,0,0,0,429503207
15694_12_1558061272630152807,0,206,205,0,40,0,19,0,0,0,87549614
15694_12_1558061272742255559,0,211,192,0,32,0,23,0,0,0,48885282
15694_12_1558061272791157860,0,201,204,0,34,0,15,0,0,0,100737002
15694_12_1558061272988103594,0,208,198,0,35,0,22,0,0,0,84780506
15694_12_1558061273072912458,0,213,218,0,60,1,26,0,0,0,105099734
15694_12_1558061273224354766,0,208,219,0,56,0,22,0,0,0,108036369
15694_12_1558061273361623437,0,209,212,0,50,1,22,0,0,0,46086465
15694_12_1558061273407733756,0,214,215,0,58,1,25,0,0,0,60391902
15694_12_1558061273468147946,0,214,187,0,30,1,27,0,0,0,80865873
15694_12_1558061273639878862,0,215,237,0,81,0,28,0,0,0,145413617
15694_12_1558061273815480604,0,213,214,0,56,0,27,0,0,0,147588075
15694_12_1558061274108401466,0,201,208,0,38,0,15,0,0,0,101968114
15694_12_1558061274210393919,0,200,210,0,39,0,14,0,0,0,111010820
15694_12_1558061274422250647,0,210,211,0,50,0,24,0,0,0,99253081
15694_12_1558061274579524622,0,212,193,0,34,0,24,0,0,0,86309914
15694_12_1558061274721322461,0,203,220,0,52,0,16,0,0,0,197236841
15694_12_1558061274960847777,0,200,206,0,35,0,14,0,0,0,143222245
15694_12_1558061275129162729,0,198,205,0,32,0,12,0,0,0,126612700
15694_12_1558061275359569632,0,215,187,0,31,1,27,0,0,0,45969492
15694_12_1558061275405559670,0,204,201,0,34,0,18,0,0,0,75564527
15694_12_1558061275542693129,0,196,209,0,34,0,10,0,0,0,86147739
15694_12_1558061275699817575,0,209,232,0,70,0,23,0,0,0,175000808
15694_12_1558061275874848200,0,204,202,0,35,0,17,0,0,0,174863977
15694_12_1558061276084008148,0,212,230,0,71,0,25,0,0,0,127654764
15694_12_1558061276256574497,0,203,200,0,32,0,17,0,0,0,84953523
15694_12_1558061276392424808,0,203,232,0,64,0,16,0,0,0,111269313
15694_12_1558061276553754653,0,211,223,0,63,0,22,0,0,0,167941062
15694_12_1558061276832231104,0,201,205,0,35,0,15,0,0,0,130284254
15694_12_1558061277008849783,0,252,260,0,35,0,12,0,0,0,115952675
15694_12_1558061277196714451,0,210,215,0,54,0,23,0,0,0,167621015
15694_12_1558061277429139768,0,210,203,0,42,0,24,0,0,0,94740098
15694_12_1558061277573607574,0,196,207,0,32,0,10,0,0,0,127504484
15694_12_1558061277756050342,0,213,196,0,38,0,26,0,0,0,183757701
15694_12_1558061277939829149,0,208,197,0,34,0,22,0,0,0,171525107
15694_12_1558061278153520373,0,209,196,0,34,0,23,0,0,0,112930508
15694_12_1558061278266476581,0,204,201,0,34,0,18,0,0,0,109252086
15694_12_1558061278435758897,0,209,193,0,31,0,23,0,0,0,99059049
15694_12_1558061278602163212,0,213,220,0,62,1,26,0,0,0,116288234
15694_12_1558061278792154023,0,206,197,0,32,0,20,0,0,0,136057039
15694_12_1558061278958360875,0,208,210,0,47,0,21,0,0,0,162121692
15694_12_1558061279200123782,0,204,198,0,31,0,18,0,0,0,78803017
15694_12_1558061279322764362,0,205,201,0,35,0,19,0,0,0,105637457
15694_12_1558061279479883752,0,208,194,0,31,0,22,0,0,0,95293472
15694_12_1558061279615939863,0,206,196,0,31,0,20,0,0,0,89041091
15694_12_1558061279814257947,0,201,210,0,40,0,15,0,0,0,114546266
15694_12_1558061279975774969,0,207,198,0,34,0,21,0,0,0,96415331
15694_12_1558061280123003273,0,203,204,0,36,0,16,0,0,0,103093049
15694_12_1558061280280978311,0,208,193,0,30,0,21,0,0,0,89687884
15694_12_1558061280473533116,0,208,194,0,31,0,22,0,0,0,118894373
15694_12_1558061280592459777,0,207,229,0,65,0,21,0,0,0,165298402
15694_12_1558061280811981974,0,207,199,0,35,0,21,0,0,0,88763470
15694_12_1558061280944221045,0,210,193,0,32,0,24,0,0,0,114614044
15694_12_1558061281100088109,0,206,206,0,41,0,20,0,0,0,141015556
15694_12_1558061281280970525,0,210,195,0,34,0,23,0,0,0,129702201
15694_12_1558061281448715170,0,208,194,0,31,0,22,0,0,0,65985003
15694_12_1558061281564005307,0,199,203,0,31,0,13,0,0,0,131282151
15694_12_1558061281736275861,0,202,200,0,31,0,16,0,0,0,132971849
15694_12_1558061281921393176,0,201,206,0,36,0,14,0,0,0,126573044
15694_12_1558061282099804158,0,202,199,0,30,0,16,0,0,0,84742258
15694_12_1558061282184573689,0,209,221,0,59,0,22,0,0,0,103361656
15694_12_1558061282323957223,0,212,218,0,59,0,25,0,0,0,115276787
15694_12_1558061282483760905,0,210,226,0,65,0,24,0,0,0,95000847
15694_12_1558061282578805469,0,210,207,0,46,0,23,0,0,0,179730085
15694_12_1558061282835812576,0,208,199,0,36,0,22,0,0,0,131351115
15694_12_1558061283022204214,0,197,212,0,38,0,11,0,0,0,136105569
15694_12_1558061283203148596,0,212,229,0,70,0,25,0,0,0,141981577
15694_12_1558061283345164362,0,209,202,0,40,0,23,0,0,0,111328791
15694_12_1558061283498056796,0,200,206,0,35,0,14,0,0,0,162660624
15694_12_1558061283660746869,0,209,198,0,36,0,22,0,0,0,132906042
15694_12_1558061283862892234,0,206,198,0,33,0,19,0,0,0,114936554
15694_12_1558061284026169301,0,201,213,0,43,0,15,0,0,0,89731945
15694_12_1558061284188375949,0,207,197,0,33,0,21,0,0,0,132446148
15694_12_1558061284320847199,0,205,203,0,37,0,19,0,0,0,155696103
15694_12_1558061284539056603,0,212,189,0,30,0,26,0,0,0,83186327
15694_12_1558061284661645562,0,210,210,0,49,0,23,0,0,0,161751527
15694_12_1558061284841245072,0,203,199,0,31,0,17,0,0,0,98234565
15694_12_1558061285000222482,0,217,217,0,31,0,15,0,0,0,88916150
15694_12_1558061285117317422,0,212,191,0,32,0,26,0,0,0,44639135
15694_12_1558061285192332392,0,213,189,0,31,0,25,0,0,0,51291070
15694_12_1558061285326534581,0,205,201,0,35,0,19,0,0,0,117154809
15694_12_1558061285484061973,0,201,202,0,32,0,14,0,0,0,96587199
15694_12_1558061285580674012,0,196,206,0,31,0,10,0,0,0,100078250
15694_12_1558061285745216317,0,209,207,0,45,0,22,0,0,0,61275144
15694_12_1558061285840642628,0,210,202,0,41,0,21,0,0,0,52927097
15694_12_1558061285940886370,0,209,196,0,34,0,22,0,0,0,169377525
15694_12_1558061286168650003,0,206,199,0,34,0,20,0,0,0,133632050
15694_12_1558061286343259164,0,204,200,0,33,0,18,0,0,0,111835606
15694_12_1558061286564158477,0,203,208,0,40,0,16,0,0,0,559964725
15694_12_1558061287168938055,0,210,209,0,48,0,23,0,0,0,95033856
15694_12_1558061287296304214,0,209,195,0,33,0,23,0,0,0,118029148
15694_12_1558061287465525046,0,209,211,0,49,0,22,0,0,0,110263764
15694_12_1558061287616355164,0,209,200,0,38,0,22,0,0,0,57014779
15694_12_1558061287673388515,0,211,200,0,40,0,25,0,0,0,115865721
15694_12_1558061287852960435,0,210,194,0,33,0,24,0,0,0,77508180
15694_12_1558061288020312998,0,213,190,0,32,0,26,0,0,0,89104775
15694_12_1558061288109446004,0,207,198,0,34,0,21,0,0,0,88517423
15694_12_1558061288255960085,0,210,231,0,70,0,23,0,0,0,145609647
15694_12_1558061288454510244,0,214,240,0,83,0,28,0,0,0,151162934
15694_12_1558061288656054132,0,209,213,0,51,0,23,0,0,0,211693906
15694_12_1558061288914503728,0,214,221,0,64,1,26,0,0,0,95584260
15694_12_1558061289050133360,0,203,204,0,36,0,17,0,0,0,182126223
15694_12_1558061289270194975,0,205,200,0,34,0,19,0,0,0,116646448
15694_12_1558061289439806062,0,205,209,0,43,0,19,0,0,0,155216043
15694_12_1558061289647675564,0,206,197,0,32,0,20,0,0,0,85150608
15694_12_1558061289789718724,0,207,198,0,34,0,21,0,0,0,92663806
15694_12_1558061289943875258,0,209,202,0,40,0,21,0,0,0,146435095
15694_12_1558061290138211811,0,203,204,0,36,0,17,0,0,0,145891168
15694_12_1558061290326548866,0,212,193,0,34,0,25,0,0,0,73574828
15694_12_1558061290436004186,0,212,221,0,62,0,23,0,0,0,141564046
15694_12_1558061290716621676,0,212,190,0,31,0,25,0,0,0,91087730
15694_12_1558061290807736345,0,202,227,0,58,0,15,0,0,0,187291495
15694_12_1558061291036456826,0,210,218,0,57,0,24,0,0,0,158820021
15694_12_1558061291226949058,0,208,218,0,55,1,19,0,0,0,107917043
15694_12_1558061291334888351,0,209,224,0,62,0,22,0,0,0,119727145
15694_12_1558061291454632228,0,210,220,0,59,0,23,0,0,0,130058242
15694_12_1558061291621263536,0,205,196,0,30,0,19,0,0,0,105147639
15694_12_1558061291798182986,0,202,203,0,34,0,16,0,0,0,76951754
15694_12_1558061291954787624,0,214,185,0,28,1,27,0,0,0,47106078
15694_12_1558061292023398531,0,214,199,0,42,0,27,0,0,0,78428362
15694_12_1558061292101848668,0,206,199,0,34,0,19,0,0,0,112916537
15694_12_1558061292275690953,0,208,194,0,31,0,22,0,0,0,73498211
15694_12_1558061292438588399,0,209,194,0,32,0,22,0,0,0,91310455
15694_12_1558061292551097746,0,211,193,0,33,0,25,0,0,0,52084750
15694_12_1558061292631431171,0,211,214,0,54,0,24,0,0,0,72976599
15694_12_1558061292731205740,0,213,214,0,56,0,24,0,0,0,86628592
15694_12_1558061292846105721,0,212,217,0,58,0,24,0,0,0,65073956
15694_12_1558061292911195771,0,209,221,0,59,0,22,0,0,0,105176782
15694_12_1558061293062227226,0,212,211,0,52,0,25,0,0,0,75655766
15694_12_1558061293137906116,0,199,203,0,31,0,13,0,0,0,69340705
15694_12_1558061293234503614,0,205,198,0,32,0,19,0,0,0,77705468
15694_12_1558061293401871407,0,211,193,0,33,0,24,0,0,0,147515432
15694_12_1558061293597265242,0,212,192,0,33,0,26,0,0,0,100399775
15694_12_1558061293778430256,0,201,201,0,31,0,15,0,0,0,96688778
15694_12_1558061293875172279,0,200,206,0,35,0,14,0,0,0,154421821
15694_12_1558061294071315423,0,210,196,0,35,0,24,0,0,0,103073031
15694_12_1558061294174414067,0,205,199,0,33,0,19,0,0,0,102640356
15694_12_1558061294315730559,0,209,194,0,32,0,23,0,0,0,80687553
15694_12_1558061294453137950,0,209,200,0,38,0,23,0,0,0,123989639
15694_12_1558061294643560060,0,211,218,0,58,0,25,0,0,0,102722126
15694_12_1558061294797111178,0,209,230,0,68,0,18,0,0,0,172312392
15694_12_1558061295025559655,0,206,196,0,31,0,20,0,0,0,83952139
15694_12_1558061295109536740,0,207,196,0,32,0,21,0,0,0,137751837
15694_12_1558061295287923210,0,214,187,0,30,0,28,0,0,0,162296941
15694_12_1558061295484355302,0,202,202,0,33,0,16,0,0,0,95985203
15694_12_1558061295606155758,0,209,193,0,31,0,23,0,0,0,104110857
15694_12_1558061295710306215,0,199,203,0,31,0,13,0,0,0,119619322
15694_12_1558061295883848151,0,210,217,0,56,0,24,0,0,0,84173046
15694_12_1558061296013896469,0,210,193,0,32,0,24,0,0,0,70822058
15694_12_1558061296084750065,0,202,198,0,29,0,16,0,0,0,166330150
15694_12_1558061296280612322,0,207,195,0,31,0,21,0,0,0,115562304
15694_12_1558061296396213180,0,210,192,0,31,0,23,0,0,0,123526242
15694_12_1558061296564036008,0,199,205,0,33,0,13,0,0,0,103864706
15694_12_1558061296667923870,0,207,199,0,35,0,21,0,0,0,141261155
15694_12_1558061296900056771,0,207,223,0,59,0,21,0,0,0,115745483
15694_12_1558061297063096061,0,206,195,0,30,0,20,0,0,0,81923030
15694_12_1558061297187440570,0,206,202,0,37,0,20,0,0,0,94709036
15694_12_1558061297329356231,0,206,202,0,37,0,20,0,0,0,190330601
15694_12_1558061297564312654,0,208,198,0,35,0,22,0,0,0,200700190
15694_12_1558061297826764666,0,201,207,0,37,0,15,0,0,0,101109086
15694_12_1558061297979355114,0,208,198,0,35,0,22,0,0,0,116517165
15694_12_1558061298208715142,0,202,204,0,35,0,15,0,0,0,126033401
15694_12_1558061298367768391,0,212,196,0,37,0,26,0,0,0,118521845
15694_12_1558061298539972484,0,202,204,0,37,0,17,0,0,0,105480551
15694_12_1558061298699417750,0,206,198,0,33,0,20,0,0,0,86874251
15694_12_1558061298876890549,0,210,193,0,32,0,23,0,0,0,66421072
15694_12_1558061298985639698,0,214,212,0,55,0,26,0,0,0,164342015
15694_12_1558061299203960763,0,207,218,0,54,0,18,0,0,0,122818489
15694_12_1558061299326840458,0,202,201,0,32,0,16,0,0,0,157491295
15694_12_1558061299568963048,0,210,194,0,33,0,22,0,0,0,96550648
15694_12_1558061299708064510,0,203,198,0,30,0,17,0,0,0,84948975
15694_12_1558061299856671075,0,199,203,0,31,0,13,0,0,0,96958236
15694_12_1558061299977923261,0,206,200,0,35,0,20,0,0,0,77544239
15694_12_1558061300119428568,0,208,193,0,30,0,22,0,0,0,112247279
15694_12_1558061300252010349,0,213,215,0,57,0,26,0,0,0,133937644
15694_12_1558061300422070790,0,210,232,0,71,0,23,0,0,0,162099365
15694_12_1558061300584193851,0,205,209,0,43,0,18,0,0,0,235178808
15694_12_1558061300863122359,0,210,199,0,38,0,23,0,0,0,96315356
15694_12_1558061300959461602,0,201,200,0,30,0,15,0,0,0,139225877
15694_12_1558061301098724321,0,203,204,0,36,0,17,0,0,0,171884178
15694_12_1558061301305017504,0,208,193,0,30,0,21,0,0,0,117634013
15694_12_1558061301469145874,0,206,207,0,42,0,20,0,0,0,127660148
15694_12_1558061301635795342,0,204,201,0,34,0,18,0,0,0,87413115
15694_12_1558061301776897580,0,209,195,0,33,0,23,0,0,0,73358475
15694_12_1558061301903766839,0,205,196,0,30,0,19,0,0,0,112806338
15694_12_1558061302054446576,0,206,202,0,37,0,20,0,0,0,70798885
15694_12_1558061302125276116,0,197,209,0,35,0,11,0,0,0,103036724
15694_12_1558061302281163192,0,215,191,0,35,0,28,0,0,0,85209320
15694_12_1558061302435430334,0,207,200,0,36,0,21,0,0,0,77096273
15694_12_1558061302539739872,0,214,188,0,31,0,28,0,0,0,76892389
15694_12_1558061302748537427,0,206,198,0,33,0,20,0,0,0,77107839
15694_12_1558061302911369952,0,205,200,0,34,0,19,0,0,0,127976659
15694_12_1558061303126479514,0,206,198,0,33,0,20,0,0,0,78948848
15694_12_1558061303237482358,0,207,197,0,33,0,21,0,0,0,79156302
15694_12_1558061303316670644,0,202,202,0,33,0,15,0,0,0,122296537
15694_12_1558061303466793707,0,205,201,0,35,0,19,0,0,0,150560546
15694_12_1558061303660223334,0,207,198,0,34,0,21,0,0,0,86803458
15694_12_1558061303787909095,0,209,190,0,28,0,23,0,0,0,93675295
15694_12_1558061303925787260,0,208,193,0,30,0,22,0,0,0,82562575
15694_12_1558061304050392410,0,205,200,0,34,0,18,0,0,0,115617375
15694_12_1558061304166033216,0,206,196,0,31,0,20,0,0,0,71136401
15694_12_1558061304283219405,0,202,202,0,33,0,16,0,0,0,101668053
15694_12_1558061304384926949,0,204,202,0,35,0,16,0,0,0,135762396
15694_12_1558061304559779394,0,199,204,0,32,0,13,0,0,0,104699257
15694_12_1558061304708740453,0,208,192,0,29,0,22,0,0,0,121683516
15694_12_1558061304830467252,0,206,199,0,34,0,20,0,0,0,119724590
15694_12_1558061305051966129,0,208,197,0,34,0,21,0,0,0,111644132
15694_12_1558061305360336005,0,213,217,0,59,0,26,0,0,0,119891222
15694_12_1558061305561825406,0,205,198,0,32,0,19,0,0,0,164433875
15694_12_1558061305776315764,0,212,215,0,56,0,25,0,0,0,120507449
15694_12_1558061305942115753,0,211,209,0,49,0,25,0,0,0,173189617
15694_12_1558061306262822427,0,205,197,0,31,0,19,0,0,0,109362916
15694_12_1558061306431901165,0,208,221,0,58,0,22,0,0,0,99929407
15694_12_1558061306567698621,0,208,199,0,36,0,21,0,0,0,92297098
15694_12_1558061306693966330,0,212,193,0,34,0,26,0,0,0,58926752
15694_12_1558061306752913031,0,208,210,0,47,0,21,0,0,0,94066800
15694_12_1558061306847001355,0,211,213,0,53,0,23,0,0,0,96731402
15694_12_1558061306956917153,0,212,192,0,33,0,26,0,0,0,46823653
15694_12_1558061307025464978,0,207,195,0,31,0,20,0,0,0,54055980
15694_12_1558061307098830669,0,207,194,0,30,0,21,0,0,0,72892722
15694_12_1558061307171747332,0,197,205,0,31,0,11,0,0,0,137210384
15694_12_1558061307352014915,0,210,192,0,31,0,24,0,0,0,91004828
15694_12_1558061307522773085,0,205,197,0,31,0,19,0,0,0,74679811
15694_12_1558061307640557358,0,202,202,0,33,0,16,0,0,0,114201922
15694_12_1558061307799942443,0,213,212,0,54,0,26,0,0,0,88527801
15694_12_1558061307924200349,0,205,220,0,54,0,19,0,0,0,175417173
15694_12_1558061308158032687,0,215,226,0,70,0,26,0,0,0,135417696
15694_12_1558061308352808700,0,201,202,0,32,0,15,0,0,0,138268470
15694_12_1558061308546231252,0,208,198,0,35,0,21,0,0,0,107149003
15694_12_1558061308697396306,0,212,221,0,62,0,25,0,0,0,190943504
15694_12_1558061308955969597,0,212,227,0,68,0,23,0,0,0,107369163
15694_12_1558061309131824731,0,214,188,0,31,0,28,0,0,0,137760935
15694_12_1558061309269656048,0,201,208,0,38,0,15,0,0,0,185608860
15694_12_1558061309496100444,0,209,195,0,33,0,22,0,0,0,144254372
15694_12_1558061309684995580,0,203,199,0,31,0,17,0,0,0,126151151
15694_12_1558061309855023712,0,212,217,0,58,0,25,0,0,0,108518327
15694_12_1558061310002499275,0,481,491,0,67,0,25,0,0,0,153632541
15694_12_1558061310156175896,0,205,199,0,33,0,19,0,0,0,139826736
15694_12_1558061310385905107,0,208,194,0,31,0,21,0,0,0,104632887
15694_12_1558061310523060261,0,200,207,0,36,0,14,0,0,0,116667139
15694_12_1558061310690085676,0,212,203,0,44,0,23,0,0,0,154438803
15694_12_1558061310844550094,0,208,196,0,33,0,22,0,0,0,160320438
15694_12_1558061311112434805,0,216,188,0,33,0,28,0,0,0,96282723
15694_12_1558061311250500435,0,205,199,0,33,0,19,0,0,0,122336882
15694_12_1558061311435671279,0,209,235,0,73,0,21,0,0,0,244495903
15694_12_1558061311709644272,0,200,202,0,31,0,14,0,0,0,167952682
15694_12_1558061311955224665,0,209,192,0,30,0,23,0,0,0,97966265
15694_12_1558061312087558804,0,200,205,0,34,0,14,0,0,0,116921367
15694_12_1558061312244924186,0,209,198,0,36,0,22,0,0,0,105423323
15694_12_1558061312442628489,0,205,199,0,33,0,19,0,0,0,71872176
15694_12_1558061312578671935,0,216,210,0,55,0,28,0,0,0,115998418
15694_12_1558061312737277373,0,208,217,0,54,0,22,0,0,0,196306911
15694_12_1558061312988277179,0,210,215,0,54,0,23,0,0,0,153945126
15694_12_1558061313142251114,0,204,212,0,45,0,17,0,0,0,226232771
15694_12_1558061313410189377,0,214,218,0,61,0,25,0,0,0,107301145
15694_12_1558061313571393209,0,210,222,0,61,0,23,0,0,0,136443368
15694_12_1558061313763772507,0,217,211,0,57,0,27,0,0,0,107221400
15694_12_1558061313916194903,0,213,218,0,60,0,25,0,0,0,200730016
15694_12_1558061314175592273,0,208,218,0,55,0,20,0,0,0,182573350
15694_12_1558061314358186672,0,202,203,0,34,0,16,0,0,0,158590437
15694_12_1558061314516799234,0,197,212,0,38,0,11,0,0,0,144835931
15694_12_1558061314783351387,0,210,194,0,33,0,24,0,0,0,69429567
15694_12_1558061314930186914,0,209,193,0,31,0,23,0,0,0,66865312
15694_12_1558061315043863594,0,216,213,0,58,0,27,0,0,0,167729488
15694_12_1558061315335790826,0,204,203,0,36,0,18,0,0,0,182069953
15694_12_1558061315599847294,0,206,196,0,31,0,20,0,0,0,124579058
15694_12_1558061315803589205,0,210,192,0,31,0,23,0,0,0,121674452
15694_12_1558061315957361164,0,206,196,0,31,0,20,0,0,0,92601284
15694_12_1558061316148293128,0,200,208,0,37,0,14,0,0,0,196826256
15694_12_1558061316391923723,0,203,204,0,36,0,17,0,0,0,111762239
15694_12_1558061316503737295,0,198,205,0,32,0,12,0,0,0,166722122
15694_12_1558061316670486881,0,207,198,0,34,0,20,0,0,0,160418371
15694_12_1558061316830927926,0,206,204,0,39,0,20,0,0,0,144487546
15694_12_1558061317024020447,0,208,207,0,44,0,22,0,0,0,154681764
15694_12_1558061317379532159,0,206,198,0,33,0,20,0,0,0,182905959
15694_12_1558061317588357044,0,205,198,0,32,0,19,0,0,0,99745918
15694_12_1558061317736779527,0,200,210,0,39,0,14,0,0,0,136591352
15694_12_1558061317911970769,0,207,196,0,32,0,21,0,0,0,99503863
15694_12_1558061318011535336,0,199,204,0,32,0,13,0,0,0,204274086
15694_12_1558061318263477570,0,205,199,0,33,0,19,0,0,0,109913557
15694_12_1558061318373417140,0,209,196,0,34,0,23,0,0,0,123872755
15694_12_1558061318663124993,0,216,216,0,61,0,28,0,0,0,136663059
15694_12_1558061318836650744,0,202,203,0,34,0,16,0,0,0,164994270
15694_12_1558061319001672944,0,204,199,0,32,0,18,0,0,0,205267803
15694_12_1558061319287512188,0,209,195,0,33,0,23,0,0,0,114222938
15694_12_1558061319443070641,0,212,230,0,71,1,24,0,0,0,80720367
15694_12_1558061319523832139,0,212,213,0,54,0,26,0,0,0,214565735
15694_12_1558061319793924157,0,208,196,0,33,0,22,0,0,0,122349509
15694_12_1558061319916307614,0,207,201,0,37,0,20,0,0,0,133541756
15694_12_1558061320049922663,0,204,198,0,31,0,17,0,0,0,125930402
15694_12_1558061320209675448,0,206,197,0,32,0,19,0,0,0,107469231
15694_12_1558061320359171598,0,214,189,0,32,0,28,0,0,0,68017191
15694_12_1558061320467588089,0,210,200,0,39,0,24,0,0,0,122421864
15694_12_1558061320647800095,0,204,198,0,31,0,18,0,0,0,105682819
15694_12_1558061320795247690,0,207,220,0,56,0,20,0,0,0,155761637
15694_12_1558061320992294304,0,202,211,0,42,0,16,0,0,0,176219221
15694_12_1558061321211253409,0,193,216,0,38,0,7,0,0,0,114404980
15694_12_1558061321363883966,0,213,189,0,31,0,27,0,0,0,171362840
15694_12_1558061321571929911,0,210,224,0,63,0,24,0,0,0,131080940
15694_12_1558061321703074851,0,197,212,0,38,0,11,0,0,0,150431161
15694_12_1558061321911335437,0,206,200,0,35,1,19,0,0,0,107612347
15694_12_1558061322058676714,0,203,205,0,37,0,16,0,0,0,119369814
15694_12_1558061322178067303,0,200,206,0,35,0,14,0,0,0,175952707
15694_12_1558061322392281930,0,213,229,0,71,0,26,0,0,0,121397086
15694_12_1558061322555214963,0,198,205,0,32,0,12,0,0,0,153471847
15694_12_1558061322745891168,0,203,204,0,36,0,17,0,0,0,129978379
15694_12_1558061322875902616,0,203,204,0,36,0,17,0,0,0,138411244
15694_12_1558061323074848798,0,209,201,0,39,0,23,0,0,0,140187927
15694_12_1558061323266914447,0,209,224,0,62,0,22,0,0,0,144171449
15694_12_1558061323443234934,0,202,208,0,39,0,16,0,0,0,149434176
15694_12_1558061323671371241,0,206,199,0,34,0,20,0,0,0,72741220
15694_12_1558061323786465294,0,203,202,0,34,0,17,0,0,0,101009806
15694_12_1558061323887511491,0,206,200,0,35,0,18,0,0,0,180753651
15694_12_1558061324127894502,0,207,198,0,34,0,21,0,0,0,65649167
15694_12_1558061324227348213,0,203,199,0,31,0,17,0,0,0,121689661
15694_12_1558061324416026228,0,198,222,0,49,0,12,0,0,0,224101822
15694_12_1558061324663330466,0,212,247,0,88,0,24,0,0,0,243922189
15694_12_1558061324963976536,0,206,204,0,39,0,20,0,0,0,112986230
15694_12_1558061325103293151,0,205,199,0,33,0,19,0,0,0,75301425
15694_12_1558061325178628323,0,199,208,0,36,0,12,0,0,0,201760657
15694_12_1558061325427348266,0,211,219,0,59,0,24,0,0,0,220326037
15694_12_1558061325691790859,0,215,216,0,60,0,27,0,0,0,106448906
15694_12_1558061325896126845,0,215,191,0,35,0,28,0,0,0,106645156
15694_12_1558061326060005640,0,203,201,0,33,0,17,0,0,0,119514584
15694_12_1558061326227070201,0,204,202,0,35,0,18,0,0,0,135335099
15694_12_1558061326398817621,0,213,202,0,44,0,27,0,0,0,142475252
15694_12_1558061326591682966,0,195,209,0,33,0,9,0,0,0,94369082
15694_12_1558061326686140447,0,193,212,0,34,0,7,0,0,0,238491428
15694_12_1558061326969451892,0,205,202,0,36,0,19,0,0,0,88724343
15694_12_1558061327099790349,0,212,193,0,34,0,26,0,0,0,72792774
15694_12_1558061327275491622,0,214,190,0,33,0,28,0,0,0,119786200
15694_12_1558061327519244298,0,202,201,0,32,0,16,0,0,0,113256713
15694_12_1558061327678813013,0,207,193,0,29,0,21,0,0,0,173587671
15694_12_1558061327942109369,0,214,189,0,32,0,28,0,0,0,158376526
15694_12_1558061328219665389,0,214,190,0,33,0,28,0,0,0,111165929
15694_12_1558061328376118527,0,210,227,0,66,0,22,0,0,0,131488222
15694_12_1558061328569903668,0,201,201,0,31,0,15,0,0,0,93915427
15694_12_1558061328663857549,0,207,197,0,33,0,21,0,0,0,171807510
15694_12_1558061328835701155,0,204,200,0,33,0,18,0,0,0,219583105
15694_12_1558061329101995103,0,206,199,0,34,0,20,0,0,0,177335472
15694_12_1558061329364136133,0,209,225,0,63,0,21,0,0,0,185169137
15694_12_1558061329592092498,0,206,199,0,34,0,20,0,0,0,106007676
15694_12_1558061329747648535,0,208,194,0,31,0,22,0,0,0,105262799
15694_12_1558061329886095577,0,207,194,0,30,0,21,0,0,0,103288456
15694_12_1558061330021936442,0,202,203,0,34,0,16,0,0,0,106969442
15694_12_1558061330128935724,0,209,192,0,30,0,23,0,0,0,88036702
15694_12_1558061330295844722,0,214,219,0,62,1,26,0,0,0,44896880
15694_12_1558061330340764532,0,199,208,0,36,0,13,0,0,0,101515543
15694_12_1558061330497539334,0,200,206,0,35,0,14,0,0,0,131378915
15694_12_1558061330675985582,0,215,191,0,35,0,28,0,0,0,119418729
15694_12_1558061330795427775,0,209,196,0,34,0,23,0,0,0,169366399
15694_12_1558061331043788030,0,209,193,0,31,0,23,0,0,0,120217971
15694_12_1558061331287140155,0,212,191,0,32,0,26,0,0,0,58181204
15694_12_1558061331408297351,0,206,201,0,36,0,20,0,0,0,132378855
15694_12_1558061331575050706,0,206,201,0,36,0,20,0,0,0,193302612
15694_12_1558061331822513597,0,199,203,0,31,0,13,0,0,0,119119146
15694_12_1558061331999712414,0,210,231,0,70,0,24,0,0,0,177883654
15694_12_1558061332214220374,0,202,204,0,35,0,16,0,0,0,153142780
15694_12_1558061332407971673,0,216,215,0,60,1,27,0,0,0,88504199
15694_12_1558061332587820246,0,211,208,0,48,0,24,0,0,0,161406821
15694_12_1558061332800418916,0,203,202,0,34,0,16,0,0,0,138289688
15694_12_1558061333023800632,0,204,201,0,34,0,18,0,0,0,117543799
15694_12_1558061333165219789,0,203,201,0,33,0,17,0,0,0,140590352
15694_12_1558061333357286187,0,207,196,0,32,0,21,0,0,0,96083621
15694_12_1558061333506660530,0,206,197,0,32,0,20,0,0,0,124629900
15694_12_1558061333691750476,0,212,196,0,37,0,26,0,0,0,115710311
15694_12_1558061333869702269,0,204,196,0,29,0,18,0,0,0,127812786
15694_12_1558061334091792839,0,211,195,0,35,0,25,0,0,0,98035711
15694_12_1558061334228228156,0,206,199,0,34,0,19,0,0,0,130838226
15694_12_1558061334445926283,0,206,196,0,31,0,20,0,0,0,109865665
15694_12_1558061334592044271,0,209,194,0,32,0,23,0,0,0,103234224
15694_12_1558061334744698722,0,211,210,0,50,0,25,0,0,0,195651341
15694_12_1558061335051736200,0,205,198,0,32,0,19,0,0,0,85335315
15694_12_1558061335137109998,0,208,193,0,30,0,22,0,0,0,88778070
15694_12_1558061335249825709,0,210,218,0,57,0,23,0,0,0,122006723
15694_12_1558061335403771514,0,212,218,0,59,0,25,0,0,0,129049449
15694_12_1558061335591621836,0,213,207,0,49,0,25,0,0,0,55042817
15694_12_1558061335680493385,0,214,189,0,32,0,28,0,0,0,56058586
15694_12_1558061335736573725,0,199,204,0,32,0,13,0,0,0,131689369
15694_12_1558061335891616836,0,203,201,0,33,0,17,0,0,0,96407541
15694_12_1558061336033970781,0,207,198,0,34,0,21,0,0,0,63748060
15694_12_1558061336141685247,0,212,232,0,73,0,26,0,0,0,92335197
15694_12_1558061336280050771,0,205,194,0,28,0,19,0,0,0,74898313
15694_12_1558061336400162757,0,207,198,0,34,0,21,0,0,0,115553027
15694_12_1558061336596287355,0,214,226,0,69,0,26,0,0,0,142009589
15694_12_1558061336788056299,0,206,206,0,41,0,19,0,0,0,161827683
15694_12_1558061337002932689,0,368,385,0,70,0,24,0,0,0,155342439
15694_12_1558061337158324492,0,198,223,0,50,0,11,0,0,0,155288514
15694_12_1558061337313639984,0,202,204,0,35,0,16,0,0,0,125168291
15694_12_1558061337438836646,0,198,205,0,32,0,12,0,0,0,118016792
15694_12_1558061337656710721,0,212,195,0,36,0,24,0,0,0,110876137
15694_12_1558061337801937302,0,210,222,0,61,0,23,0,0,0,227756001
15694_12_1558061338081727441,0,207,198,0,34,0,21,0,0,0,113764469
15694_12_1558061338195526948,0,203,204,0,36,0,17,0,0,0,125924857
15694_12_1558061338407524498,0,197,206,0,32,0,11,0,0,0,112903601
15694_12_1558061338560025130,0,201,200,0,30,0,15,0,0,0,114181782
15694_12_1558061338731612013,0,211,192,0,32,0,25,0,0,0,84997016
15694_12_1558061338816633734,0,206,199,0,34,0,19,0,0,0,159500823
15694_12_1558061339044136325,0,206,197,0,32,0,20,0,0,0,104900103
15694_12_1558061339199757324,0,211,189,0,29,0,25,0,0,0,77441166
15694_12_1558061339277257632,0,210,195,0,34,0,23,0,0,0,126617435
15694_12_1558061339403921244,0,205,199,0,33,0,19,0,0,0,193541536
15694_12_1558061339648719377,0,206,198,0,33,0,20,0,0,0,115965431
15694_12_1558061339811572773,0,214,190,0,33,0,28,0,0,0,92798248
15694_12_1558061339904394193,0,204,197,0,30,0,18,0,0,0,107559245
15694_12_1558061340012001727,0,202,203,0,34,0,16,0,0,0,143841065
15694_12_1558061340206654283,0,205,199,0,33,0,19,0,0,0,180256529
15694_12_1558061340474542357,0,214,193,0,36,0,28,0,0,0,91708005
15694_12_1558061340566309769,0,211,216,0,56,0,25,0,0,0,152462560
15694_12_1558061340718795750,0,205,217,0,51,0,17,0,0,0,146381581
15694_12_1558061340918391949,0,210,228,0,67,0,23,0,0,0,159729856
15694_12_1558061341117417143,0,212,224,0,65,0,24,0,0,0,196434012
15694_12_1558061341360188412,0,206,201,0,36,0,19,0,0,0,129499932
15694_12_1558061341539076749,0,208,195,0,32,0,22,0,0,0,114037119
15694_12_1558061341768092629,0,209,198,0,36,0,23,0,0,0,128326106
15694_12_1558061341955512977,0,213,219,0,61,0,25,0,0,0,170559478
15694_12_1558061342185958530,0,200,207,0,36,0,14,0,0,0,139367705
15694_12_1558061342394282365,0,198,212,0,39,0,12,0,0,0,137484806
15694_12_1558061342615944641,0,212,190,0,31,0,25,0,0,0,63811605
15694_12_1558061342775795072,0,211,192,0,32,0,25,0,0,0,99184256
15694_12_1558061342919712610,0,205,204,0,38,0,19,0,0,0,67867271
15694_12_1558061343019851762,0,206,195,0,30,0,20,0,0,0,174145865
15694_12_1558061343231998706,0,208,198,0,35,0,22,0,0,0,127194410
15694_12_1558061343396741049,0,206,199,0,34,0,20,0,0,0,116982202
15694_12_1558061343588065621,0,205,198,0,32,0,18,0,0,0,84404295
15694_12_1558061343723925188,0,206,198,0,33,0,20,0,0,0,101742405
15694_12_1558061343876715785,0,211,225,0,65,0,23,0,0,0,215692574
15694_12_1558061344137067036,0,212,194,0,35,0,25,0,0,0,155022235
15694_12_1558061344347805258,0,210,221,0,60,0,24,0,0,0,184437408
15694_12_1558061344580922256,0,209,222,0,60,0,22,0,0,0,149945640
15694_12_1558061344789603480,0,206,199,0,34,0,19,0,0,0,127793270
15694_12_1558061344966204010,0,211,191,0,31,0,24,0,0,0,107509034
15694_12_1558061345116310459,0,205,211,0,45,0,17,0,0,0,98400342
15694_12_1558061345275840242,0,214,204,0,47,0,27,0,0,0,96984661
15694_12_1558061345428843946,0,206,196,0,31,0,20,0,0,0,134962260
15694_12_1558061345596000232,0,205,198,0,32,0,19,0,0,0,164187602
15694_12_1558061345760231181,0,211,216,0,56,1,22,0,0,0,113455579
15694_12_1558061345955984836,0,206,197,0,32,0,20,0,0,0,108047074
15694_12_1558061346091838483,0,206,199,0,34,0,20,0,0,0,95523468
15694_12_1558061346281766576,0,204,201,0,34,0,17,0,0,0,115144953
15694_12_1558061346461490416,0,205,198,0,32,0,19,0,0,0,99115475
15694_12_1558061346560631862,0,202,206,0,37,0,15,0,0,0,150812534
15694_12_1558061346739052275,0,204,196,0,29,0,18,0,0,0,103512867
15694_12_1558061346842588859,0,204,203,0,36,0,18,0,0,0,120018707
15694_12_1558061346962638611,0,205,222,0,56,0,18,0,0,0,131271291
15694_12_1558061347126959898,0,204,229,0,62,0,18,0,0,0,170559933
15694_12_1558061347335971421,0,207,199,0,35,0,20,0,0,0,148072749
15694_12_1558061347510354363,0,212,220,0,61,0,26,0,0,0,172413098
15694_12_1558061347726422153,0,203,202,0,34,0,17,0,0,0,178966152
15694_12_1558061347905426248,0,206,201,0,36,0,18,0,0,0,149908243
15694_12_1558061348087797364,0,202,206,0,37,0,14,0,0,0,184793067
15694_12_1558061348307797073,0,204,199,0,32,0,18,0,0,0,135390387
15694_12_1558061348493262551,0,201,202,0,32,0,15,0,0,0,104978267
15694_12_1558061348657915674,0,212,222,0,63,0,25,0,0,0,137014482
15694_12_1558061348838884433,0,205,200,0,34,0,18,0,0,0,114822745
15694_12_1558061349001724753,0,219,215,0,33,0,17,0,0,0,138371306
15694_12_1558061349140119036,0,205,203,0,37,0,18,0,0,0,160911912
15694_12_1558061349301089557,0,203,201,0,33,0,17,0,0,0,129405934
15694_12_1558061349430518606,0,208,200,0,37,0,22,0,0,0,140767933
15694_12_1558061349621538715,0,206,196,0,31,0,20,0,0,0,100513714
15694_12_1558061349767991930,0,208,195,0,32,0,22,0,0,0,106601181
15694_12_1558061349959687731,0,213,215,0,57,0,26,0,0,0,83185102
15694_12_1558061350042900052,0,208,216,0,53,0,20,0,0,0,273933081
15694_12_1558061350352215247,0,211,215,0,55,0,24,0,0,0,156180584
15694_12_1558061350546446621,0,202,201,0,32,0,16,0,0,0,129360304
15694_12_1558061350727390719,0,206,197,0,32,0,20,0,0,0,105373521
15694_12_1558061350905281676,0,198,208,0,35,0,12,0,0,0,110031644
15694_12_1558061351070464701,0,204,201,0,34,0,18,0,0,0,137597427
15694_12_1558061351241165762,0,213,194,0,36,0,25,0,0,0,76257906
15694_12_1558061351350395587,0,203,208,0,40,0,17,0,0,0,167586701
15694_12_1558061351560417055,0,203,213,0,45,0,17,0,0,0,130204508
15694_12_1558061351753259530,0,209,202,0,40,0,21,0,0,0,151468696
15694_12_1558061351980440755,0,212,188,0,29,0,26,0,0,0,72779830
15694_12_1558061352082060921,0,202,200,0,31,0,16,0,0,0,81004856
15694_12_1558061352203825053,0,212,200,0,41,0,25,0,0,0,82212551
15694_12_1558061352286057886,0,209,197,0,35,0,22,0,0,0,155077127
15694_12_1558061352489677785,0,209,195,0,33,0,23,0,0,0,158863450
15694_12_1558061352703943431,0,209,193,0,31,0,23,0,0,0,106037972
15694_12_1558061352868436213,0,204,211,0,44,0,18,0,0,0,144553464
15694_12_1558061353035616703,0,197,208,0,34,0,10,0,0,0,118108999
15694_12_1558061353189931327,0,205,199,0,33,0,18,0,0,0,102588692
15694_12_1558061353336257267,0,207,195,0,31,0,21,0,0,0,124422686
15694_12_1558061353568250700,0,211,230,0,70,0,26,0,0,0,223120246
15694_12_1558061353841813479,0,206,232,0,67,0,20,0,0,0,178263532
15694_12_1558061354020100630,0,207,203,0,39,0,19,0,0,0,180000092
15694_12_1558061354200126131,0,199,202,0,30,0,13,0,0,0,224161580
15694_12_1558061354504124585,0,198,206,0,33,0,12,0,0,0,96850858
15694_12_1558061354679817845,0,205,198,0,32,0,19,0,0,0,80201359
15694_12_1558061354811078880,0,209,196,0,34,0,21,0,0,0,143638659
15694_12_1558061355055732736,0,205,198,0,32,0,19,0,0,0,104863072
15694_12_1558061355211834528,0,208,195,0,32,0,22,0,0,0,93297806
15694_12_1558061355366261121,0,201,205,0,35,0,15,0,0,0,142493429
15694_12_1558061355508798041,0,205,202,0,36,0,18,0,0,0,164029481
15694_12_1558061355716226337,0,204,202,0,35,0,18,0,0,0,129720469
15694_12_1558061355884017859,0,210,192,0,31,0,23,0,0,0,83528146
15694_12_1558061356000227196,0,207,198,0,34,0,21,0,0,0,111664692
15694_12_1558061356111920394,0,208,199,0,36,0,21,0,0,0,170647884
15694_12_1558061356342947285,0,203,200,0,32,0,17,0,0,0,120674884
15694_12_1558061356527811092,0,207,202,0,38,0,21,0,0,0,99004273
15694_12_1558061356653460899,0,205,200,0,34,0,19,0,0,0,177661664
15694_12_1558061356896118507,0,201,201,0,31,0,15,0,0,0,110299218
15694_12_1558061357054088336,0,207,215,0,51,0,20,0,0,0,182462224
15694_12_1558061357294555675,0,201,203,0,33,0,15,0,0,0,118195329
15694_12_1558061357450987352,0,198,209,0,36,0,11,0,0,0,114825006
15694_12_1558061357608104026,0,201,202,0,32,0,15,0,0,0,72004195
15694_12_1558061357720065171,0,209,195,0,33,0,22,0,0,0,114627936
15694_12_1558061357911449055,0,213,192,0,34,0,25,0,0,0,75610639
15694_12_1558061358050539079,0,208,201,0,38,0,22,0,0,0,156835837
15694_12_1558061358275844576,0,210,191,0,30,0,24,0,0,0,89719395
15694_12_1558061358365588458,0,203,200,0,32,0,17,0,0,0,90187560
15694_12_1558061358490384927,0,215,223,0,67,0,28,0,0,0,108321373
15694_12_1558061358648254114,0,207,231,0,67,0,20,0,0,0,189126941
15694_12_1558061358894816392,0,205,245,0,79,0,18,0,0,0,133793167
15694_12_1558061359162726628,0,209,204,0,42,0,23,0,0,0,159533495
15694_12_1558061359367889527,0,200,207,0,36,0,13,0,0,0,149917155
15694_12_1558061359568928148,0,202,215,0,46,0,16,0,0,0,125957307
15694_12_1558061359800025505,0,208,216,0,53,0,20,0,0,0,93088524
15694_12_1558061360011758658,0,203,202,0,34,0,17,0,0,0,96745301
15694_12_1558061360163454808,0,205,201,0,35,0,19,0,0,0,124229990
15694_12_1558061360287738436,0,213,219,0,61,0,27,0,0,0,70926585
15694_12_1558061360358700254,0,206,205,0,40,0,20,0,0,0,138230266
15694_12_1558061360656568037,0,214,226,0,69,1,26,0,0,0,124199180
15694_12_1558061360865766796,0,206,194,0,29,0,20,0,0,0,98014336
15694_12_1558061361006316261,0,201,205,0,35,0,15,0,0,0,138538373
15694_12_1558061361194578611,0,203,200,0,32,0,17,0,0,0,165718852
15694_12_1558061361400633448,0,205,228,0,62,0,17,0,0,0,173882648
15694_12_1558061361682303417,0,207,196,0,32,0,21,0,0,0,97101396
15694_12_1558061361804336292,0,211,203,0,43,0,24,0,0,0,156881014
15694_12_1558061362004116053,0,202,201,0,32,0,16,0,0,0,157014253
15694_12_1558061362209174843,0,206,199,0,34,0,20,0,0,0,158676341
15694_12_1558061362427642708,0,208,199,0,36,0,22,0,0,0,149155485
15694_12_1558061362608951958,0,205,198,0,32,0,19,0,0,0,167562279
15694_12_1558061362820177227,0,203,202,0,34,0,17,0,0,0,86376309
15694_12_1558061362953298421,0,208,195,0,32,0,22,0,0,0,118782255
15694_12_1558061363072205715,0,203,210,0,42,0,16,0,0,0,167458339
15694_12_1558061363239692086,0,215,227,0,71,0,28,0,0,0,219259533
15694_12_1558061363502044737,0,208,200,0,37,0,21,0,0,0,171328484
15694_12_1558061363673402466,0,203,201,0,33,0,17,0,0,0,156804438
15694_12_1558061363884034209,0,205,204,0,38,0,18,0,0,0,128327574
15694_12_1558061364063809719,0,212,194,0,35,0,25,0,0,0,116002273
15694_12_1558061364179835102,0,204,201,0,34,0,18,0,0,0,136898760
15694_12_1558061364360157501,0,212,221,0,62,0,24,0,0,0,107806646
15694_12_1558061364510217013,0,211,234,0,74,0,25,0,0,0,300661604
15694_12_1558061364851330631,0,203,203,0,35,0,17,0,0,0,109656150
15694_12_1558061365000958833,0,198,207,0,34,0,12,0,0,0,116408223
15694_12_1558061365168972593,0,203,200,0,32,0,17,0,0,0,130116914
15694_12_1558061365511973045,0,206,202,0,37,0,19,0,0,0,101037305
15694_12_1558061365684735974,0,211,192,0,32,0,25,0,0,0,154885660
15694_12_1558061365839652271,0,208,209,0,46,0,22,0,0,0,144649557
15694_12_1558061365984333681,0,208,226,0,63,0,22,0,0,0,178397353
15694_12_1558061366208194958,0,208,198,0,35,0,22,0,0,0,139607334
15694_12_1558061366388661787,0,205,197,0,31,0,19,0,0,0,108557617
15694_12_1558061366558648180,0,204,200,0,33,0,18,0,0,0,146046277
15694_12_1558061366739820965,0,213,192,0,34,0,27,0,0,0,222795336
15694_12_1558061366999782138,0,212,190,0,31,0,26,0,0,0,103512235
15694_12_1558061367140354664,0,204,199,0,32,0,18,0,0,0,96246445
15694_12_1558061367260093349,0,203,201,0,33,0,17,0,0,0,139966483
15694_12_1558061367438897226,0,208,196,0,33,0,22,0,0,0,82155267
15694_12_1558061367586528463,0,205,195,0,29,0,19,0,0,0,124420989
15694_12_1558061367766389599,0,209,224,0,62,0,21,0,0,0,139549128
15694_12_1558061367952984482,0,205,209,0,43,0,19,0,0,0,98976199
15694_12_1558061368051984735,0,204,204,0,37,0,17,0,0,0,179925324
15694_12_1558061368280658228,0,204,200,0,33,0,18,0,0,0,78944898
15694_12_1558061368411078637,0,211,217,0,57,0,25,0,0,0,145518371
15694_12_1558061368639767466,0,211,193,0,33,0,25,0,0,0,128459095
15694_12_1558061368907856837,0,206,198,0,33,0,20,0,0,0,126321147
15694_12_1558061369139838326,0,198,209,0,36,0,12,0,0,0,159224054
15694_12_1558061369323808360,0,198,207,0,34,0,11,0,0,0,158579486
15694_12_1558061369482411029,0,210,193,0,32,0,24,0,0,0,98265070
15694_12_1558061369580701211,0,204,197,0,30,0,18,0,0,0,217339711
15694_12_1558061369835759542,0,208,210,0,47,0,20,0,0,0,143142630
15694_12_1558061370022333568,0,208,195,0,32,0,22,0,0,0,127315366
15694_12_1558061370236522308,0,209,195,0,33,0,22,0,0,0,121562975
15694_12_1558061370419811731,0,212,190,0,31,0,26,0,0,0,61563900
15694_12_1558061370538973977,0,211,194,0,34,0,25,0,0,0,53465301
15694_12_1558061370622365981,0,211,190,0,30,0,25,0,0,0,56415834
15694_12_1558061370678802177,0,203,201,0,33,0,17,0,0,0,56029091
15694_12_1558061370754594602,0,206,195,0,30,0,20,0,0,0,49886824
15694_12_1558061370854148989,0,212,191,0,32,0,25,0,0,0,48200619
15694_12_1558061370902369815,0,216,217,0,62,0,27,0,0,0,60722204
15694_12_1558061370963151390,0,217,212,0,58,0,26,0,0,0,104063637
15694_12_1558061371067236527,0,213,230,0,72,0,25,0,0,0,183563721
15694_12_1558061371298893715,0,212,225,0,66,0,26,0,0,0,136054794
15694_12_1558061371526718712,0,205,198,0,32,0,19,0,0,0,111343339
15694_12_1558061371638089545,0,202,206,0,37,0,16,0,0,0,177697279
15694_12_1558061371875990620,0,208,194,0,31,0,22,0,0,0,101877432
15694_12_1558061372054240311,0,204,204,0,37,0,18,0,0,0,121337199
15694_12_1558061372211244951,0,205,209,0,43,0,18,0,0,0,95940659
15694_12_1558061372415770020,0,203,202,0,34,0,17,0,0,0,95671456
15694_12_1558061372567693737,0,199,203,0,31,0,13,0,0,0,114107716
15694_12_1558061372731142353,0,203,203,0,35,0,16,0,0,0,101322930
15694_12_1558061372832489667,0,202,202,0,33,0,16,0,0,0,136295186
15694_12_1558061373060068549,0,203,200,0,32,0,17,0,0,0,103849485
15694_12_1558061373215338515,0,202,204,0,35,0,16,0,0,0,118416337
15694_12_1558061373379989030,0,214,188,0,31,0,28,0,0,0,107550238
15694_12_1558061373527320752,0,213,191,0,33,0,27,0,0,0,176818134
15694_12_1558061373759568448,0,209,192,0,30,0,23,0,0,0,97011960
15694_12_1558061373999623911,0,212,189,0,30,1,25,0,0,0,76183450
15694_12_1558061374213551736,0,214,190,0,33,0,28,0,0,0,114466763
15694_12_1558061374364583566,0,204,198,0,31,0,18,0,0,0,201699062
15694_12_1558061374623645595,0,213,189,0,31,0,27,0,0,0,80033060
15694_12_1558061374801422573,0,212,192,0,33,0,26,0,0,0,75332689
15694_12_1558061374940231965,0,210,192,0,31,0,24,0,0,0,108227899
15694_12_1558061375091556322,0,202,204,0,35,0,16,0,0,0,107082593
15694_12_1558061375198676498,0,204,197,0,30,0,18,0,0,0,102904202
15694_12_1558061375337536442,0,207,194,0,30,0,21,0,0,0,94969614
15694_12_1558061375451034973,0,207,196,0,32,0,21,0,0,0,85782764
15694_12_1558061375618371925,0,209,193,0,31,0,23,0,0,0,123906295
15694_12_1558061375854042951,0,214,188,0,31,0,26,0,0,0,117290425
15694_12_1558061376015384751,0,206,202,0,37,0,20,0,0,0,151525599
15694_12_1558061376214172335,0,206,197,0,32,0,20,0,0,0,118896367
15694_12_1558061376385542043,0,212,220,0,61,0,25,0,0,0,197983254
15694_12_1558061376695841733,0,197,206,0,32,0,11,0,0,0,105943891
15694_12_1558061376889764542,0,206,199,0,34,0,19,0,0,0,103299115
15694_12_1558061377027788568,0,209,193,0,31,0,23,0,0,0,111695431
15694_12_1558061377140023600,0,203,199,0,31,0,17,0,0,0,128056092
15694_12_1558061377268105635,0,201,202,0,32,0,15,0,0,0,125887742
15694_12_1558061377442926215,0,206,195,0,30,0,20,0,0,0,111662546
15694_12_1558061377624396966,0,211,193,0,33,0,25,0,0,0,77681055
15694_12_1558061377702106076,0,198,206,0,33,0,12,0,0,0,142157235
15694_12_1558061377844290964,0,208,224,0,61,0,21,0,0,0,200368556
15694_12_1558061378044686791,0,204,227,0,60,0,17,0,0,0,258903462
15694_12_1558061378403993252,0,203,200,0,32,0,17,0,0,0,94663376
15694_12_1558061378560438589,0,206,196,0,31,0,20,0,0,0,108238384
15694_12_1558061378709842287,0,214,220,0,63,0,26,0,0,0,202701325
15694_12_1558061378955182130,0,203,200,0,32,0,17,0,0,0,100377272
15694_12_1558061379123775837,0,209,210,0,48,0,23,0,0,0,126592252
15694_12_1558061379296088118,0,215,191,0,35,0,28,0,0,0,142355479
15694_12_1558061379524303772,0,213,261,0,103,0,24,0,0,0,192235468
15694_12_1558061379742957109,0,202,201,0,32,0,16,0,0,0,154302132
15694_12_1558061379897287365,0,199,204,0,32,0,13,0,0,0,127417609
15694_12_1558061380083288320,0,207,196,0,32,0,21,0,0,0,71690099
15694_12_1558061380203954064,0,207,198,0,34,0,20,0,0,0,133626602
15694_12_1558061380371967418,0,200,203,0,32,0,14,0,0,0,141235153
15694_12_1558061380563058229,0,203,204,0,36,0,17,0,0,0,94154648
15694_12_1558061380767427489,0,213,231,0,73,0,23,0,0,0,168443829
15694_12_1558061380935897774,0,208,210,0,47,0,21,0,0,0,198535860
15694_12_1558061381185725610,0,202,223,0,54,0,17,0,0,0,198947645
15694_12_1558061381407793366,0,209,220,0,58,0,21,0,0,0,134381226
15694_12_1558061381567883303,0,213,225,0,67,0,26,0,0,0,118165609
15694_12_1558061381732108804,0,206,230,0,65,0,19,0,0,0,239455154
15694_12_1558061382025683699,0,229,213,0,29,0,22,0,0,0,89388191
15694_12_1558061382165705119,0,209,192,0,30,0,23,0,0,0,90200456
15694_12_1558061382318549738,0,207,199,0,35,0,21,0,0,0,67977257
15694_12_1558061382466419038,0,210,233,0,72,0,23,0,0,0,98655400
15694_12_1558061382615993490,0,200,202,0,31,0,14,0,0,0,97588314
15694_12_1558061382766733074,0,211,188,0,28,0,25,0,0,0,62980012
15694_12_1558061382884687875,0,205,197,0,31,0,18,0,0,0,119447514
15694_12_1558061383004186472,0,201,203,0,33,0,15,0,0,0,153875381
15694_12_1558061383206775971,0,213,191,0,33,0,27,0,0,0,136328804
15694_12_1558061383388281110,0,206,195,0,30,0,20,0,0,0,111366728
15694_12_1558061383555526722,0,204,197,0,30,0,18,0,0,0,119506287
15694_12_1558061383714260037,0,205,201,0,35,0,19,0,0,0,156626514
15694_12_1558061383904028173,0,200,201,0,30,0,14,0,0,0,118735841
15694_12_1558061384068137835,0,206,195,0,30,0,19,0,0,0,88501737
15694_12_1558061384206584883,0,216,214,0,59,0,27,0,0,0,76139172
15694_12_1558061384322355919,0,209,228,0,66,0,22,0,0,0,191776860
15694_12_1558061384556383100,0,206,218,0,53,0,19,0,0,0,120242733
15694_12_1558061384716144510,0,207,195,0,31,0,21,0,0,0,143713171
15694_12_1558061384904430254,0,202,202,0,33,0,16,0,0,0,116769066
15694_12_1558061385066353332,0,207,195,0,31,0,21,0,0,0,104730425
15694_12_1558061385171109074,0,205,196,0,30,0,19,0,0,0,152162456
15694_12_1558061385417663388,0,211,192,0,32,0,25,0,0,0,93697061
15694_12_1558061385584845279,0,204,201,0,34,0,18,0,0,0,113682143
15694_12_1558061385739976762,0,204,199,0,32,0,18,0,0,0,153499900
15694_12_1558061385992247566,0,207,193,0,29,0,21,0,0,0,127693226
15694_12_1558061386212238026,0,203,203,0,35,0,17,0,0,0,98351317
15694_12_1558061386315769392,0,211,201,0,41,0,25,0,0,0,124811059
15694_12_1558061386476328706,0,204,202,0,35,0,17,0,0,0,178302594
15694_12_1558061386692927462,0,202,205,0,36,0,16,0,0,0,148444245
15694_12_1558061386898893864,0,209,192,0,30,0,23,0,0,0,91839272
15694_12_1558061387035262779,0,203,227,0,59,0,17,0,0,0,117389799
15694_12_1558061387201678098,0,206,196,0,31,0,20,0,0,0,76118788
15694_12_1558061387331381868,0,208,199,0,36,0,21,0,0,0,60062303
15694_12_1558061387479522360,0,214,193,0,36,0,28,0,0,0,96823905
15694_12_1558061387639921981,0,202,202,0,33,0,16,0,0,0,124056387
15694_12_1558061387831978973,0,205,198,0,32,0,19,0,0,0,103786935
15694_12_1558061387975826164,0,206,199,0,34,0,20,0,0,0,97088922
15694_12_1558061388072936451,0,206,197,0,32,0,20,0,0,0,106192980
15694_12_1558061388272973522,0,209,195,0,33,0,23,0,0,0,71077167
15694_12_1558061388422523345,0,203,218,0,50,0,17,0,0,0,91768519
15694_12_1558061388580770854,0,195,212,0,36,0,9,0,0,0,175400109
15694_12_1558061388788704572,0,201,201,0,31,0,14,0,0,0,67135592
15694_12_1558061388920593681,0,203,202,0,34,0,17,0,0,0,66869992
15694_12_1558061389031474615,0,210,196,0,35,0,24,0,0,0,71316870
15694_12_1558061389152057425,0,210,191,0,30,0,24,0,0,0,53427675
15694_12_1558061389268081034,0,205,224,0,58,0,19,0,0,0,150950810
15694_12_1558061389461581972,0,202,202,0,33,0,16,0,0,0,75674374
15694_12_1558061389537284982,0,203,202,0,34,0,17,0,0,0,162234822
15694_12_1558061389735788891,0,211,193,0,33,0,25,0,0,0,110479152
15694_12_1558061389889822475,0,206,203,0,38,0,20,0,0,0,127286031
15694_12_1558061390068989267,0,206,207,0,42,0,17,0,0,0,174593493
15694_12_1558061390292921827,0,205,201,0,35,0,19,0,0,0,98675809
15694_12_1558061390418105658,0,210,191,0,30,0,24,0,0,0,105439724
15694_12_1558061390523568624,0,204,203,0,36,0,18,0,0,0,136704436
15694_12_1558061390738583750,0,209,196,0,34,0,23,0,0,0,81836824
15694_12_1558061390820442079,0,204,200,0,33,0,18,0,0,0,163445078
15694_12_1558061391028302227,0,204,204,0,37,0,18,0,0,0,137081707
15694_12_1558061391200273417,0,202,202,0,33,0,16,0,0,0,148637362
15694_12_1558061391412465588,0,198,209,0,36,0,12,0,0,0,132926040
15694_12_1558061391665670317,0,211,198,0,38,0,25,0,0,0,102079273
15694_12_1558061391822184141,0,210,234,0,73,0,22,0,0,0,152665305
15694_12_1558061392003995763,0,202,200,0,31,0,16,0,0,0,78501845
15694_12_1558061392142159208,0,209,213,0,51,0,23,0,0,0,181925109
15694_12_1558061392365958193,0,215,220,0,64,0,27,0,0,0,150067329
15694_12_1558061392516055117,0,203,207,0,39,0,16,0,0,0,213318981
15694_12_1558061392729397818,0,214,189,0,32,0,25,0,0,0,104465699
15694_12_1558061392883526945,0,210,214,0,53,0,22,0,0,0,94168305
15694_12_1558061392977723917,0,209,202,0,40,0,22,0,0,0,169294904
15694_12_1558061393245503844,0,209,194,0,32,0,23,0,0,0,62434638
15694_12_1558061393353670869,0,212,213,0,54,0,25,0,0,0,101574874
15694_12_1558061393497269928,0,217,193,0,39,0,29,0,0,0,158615935
15694_12_1558061393683522573,0,200,205,0,34,0,12,0,0,0,194069551
15694_12_1558061394000239650,0,238,218,0,35,0,27,0,0,0,168399637
15694_12_1558061394228771899,0,212,223,0,64,0,26,0,0,0,241721527
15694_12_1558061394518666642,0,202,200,0,31,0,16,0,0,0,129195047
15694_12_1558061394684347135,0,209,191,0,29,0,23,0,0,0,150218308
15694_12_1558061394903641053,0,207,200,0,36,0,21,0,0,0,124860879
15694_12_1558061395028527576,0,199,210,0,38,0,13,0,0,0,117509938
15694_12_1558061395189761061,0,205,197,0,31,0,19,0,0,0,113128741
15694_12_1558061395436027925,0,207,225,0,61,0,18,0,0,0,127561768
15694_12_1558061395620079963,0,202,204,0,35,0,16,0,0,0,181576569
15694_12_1558061395801698499,0,197,204,0,30,0,11,0,0,0,147139055
15694_12_1558061396200046868,0,201,199,0,29,0,15,0,0,0,135480051
15694_12_1558061396335550503,0,209,197,0,35,0,23,0,0,0,142474078
15694_12_1558061396478045085,0,197,208,0,34,0,11,0,0,0,174909875
15694_12_1558061396717032881,0,209,195,0,33,0,23,0,0,0,98526289
15694_12_1558061396939900630,0,210,202,0,41,0,23,0,0,0,141270456
15694_12_1558061397193993781,0,211,222,0,62,0,22,0,0,0,120474406
15694_12_1558061397370539523,0,202,233,0,64,0,16,0,0,0,211576825
15694_12_1558061397582145699,0,199,206,0,34,0,12,0,0,0,120343281
15694_12_1558061397808522165,0,208,202,0,39,0,22,0,0,0,132488258
15694_12_1558061397986223405,0,214,209,0,52,0,27,0,0,0,115480728
15694_12_1558061398147330922,0,202,203,0,34,0,16,0,0,0,134369606
15694_12_1558061398322675013,0,208,196,0,33,0,21,0,0,0,149044483
15694_12_1558061398471759483,0,207,210,0,46,0,21,0,0,0,129539246
15694_12_1558061398639440528,0,209,220,0,58,0,23,0,0,0,156530512
15694_12_1558061398835224966,0,203,214,0,46,0,16,0,0,0,170848193
15694_12_1558061399073734353,0,202,202,0,33,0,16,0,0,0,109893781
15694_12_1558061399223955682,0,208,198,0,35,0,21,0,0,0,130187960
15694_12_1558061399416198458,0,208,225,0,62,0,21,0,0,0,127994007
15694_12_1558061399588083934,0,214,190,0,33,0,27,0,0,0,89025145
15694_12_1558061399712184185,0,208,193,0,30,0,22,0,0,0,107604791
15694_12_1558061399863823377,0,209,211,0,49,0,22,0,0,0,135724592
15694_12_1558061400043816448,0,201,205,0,35,0,13,0,0,0,84176534
15694_12_1558061400159228271,0,205,202,0,36,0,19,0,0,0,184971034
15694_12_1558061400344228109,0,193,209,0,31,0,7,0,0,0,165330248
15694_12_1558061400547409457,0,211,190,0,30,0,25,0,0,0,101124178
15694_12_1558061400748504693,0,208,200,0,37,0,21,0,0,0,98788945
15694_12_1558061400957544156,0,211,194,0,34,0,24,0,0,0,130732871
15694_12_1558061401231416847,0,214,208,0,51,0,26,0,0,0,116953397
15694_12_1558061401387934693,0,214,188,0,31,1,27,0,0,0,45612271
15694_12_1558061401483892478,0,211,190,0,30,0,25,0,0,0,61143153
15694_12_1558061401558629554,0,204,199,0,32,0,18,0,0,0,129528219
15694_12_1558061401790802943,0,210,196,0,35,0,24,0,0,0,119318664
15694_12_1558061401943939119,0,208,224,0,61,0,20,0,0,0,163471166
15694_12_1558061402157090047,0,208,216,0,53,0,19,0,0,0,143650974
15694_12_1558061402372216874,0,202,203,0,34,0,16,0,0,0,171653876
15694_12_1558061402543903479,0,202,200,0,31,0,16,0,0,0,130795319
15694_12_1558061402674717606,0,204,204,0,37,0,18,0,0,0,160774951
15694_12_1558061402835532734,0,202,202,0,33,0,16,0,0,0,161686008
15694_12_1558061402997239886,0,202,212,0,43,0,16,0,0,0,217438666
15694_12_1558061403247798966,0,204,198,0,31,0,18,0,0,0,105601433
15694_12_1558061403353429947,0,210,193,0,32,0,24,0,0,0,134738094
15694_12_1558061403526655375,0,206,201,0,36,0,20,0,0,0,122370411
15694_12_1558061403649054896,0,206,229,0,64,0,19,0,0,0,176581788
15694_12_1558061403825696425,0,212,208,0,49,0,26,0,0,0,242580117
15694_12_1558061404096320908,0,211,215,0,55,0,24,0,0,0,136131834
15694_12_1558061404318155336,0,203,203,0,35,0,17,0,0,0,146544654
15694_12_1558061404494236570,0,209,195,0,33,0,23,0,0,0,64374645
15694_12_1558061404601433462,0,201,203,0,33,0,15,0,0,0,146431970
15694_12_1558061404819295527,0,214,220,0,63,0,28,0,0,0,57000214
15694_12_1558061404876320912,0,204,231,0,64,0,16,0,0,0,198143145
15694_12_1558061405126584850,0,202,208,0,39,0,16,0,0,0,146107321
15694_12_1558061405333587268,0,206,227,0,62,0,19,0,0,0,183365812
15694_12_1558061405517032476,0,206,235,0,70,0,20,0,0,0,167074200
15694_12_1558061405728135452,0,207,202,0,38,0,19,0,0,0,120018964
15694_12_1558061405848196193,0,200,229,0,58,0,14,0,0,0,204017456
15694_12_1558061406052236543,0,210,223,0,62,0,23,0,0,0,114610536
15694_12_1558061406166868952,0,198,209,0,36,0,12,0,0,0,179737636
15694_12_1558061406396558194,0,203,200,0,32,0,17,0,0,0,139360965
15694_12_1558061406583347850,0,196,211,0,36,0,10,0,0,0,97419236
15694_12_1558061406755519555,0,205,206,0,40,0,19,0,0,0,169432298
15694_12_1558061406924982389,0,202,201,0,32,0,16,0,0,0,167414173
15694_12_1558061407143580121,0,205,199,0,33,0,19,0,0,0,159024721
15694_12_1558061407339991941,0,208,199,0,36,0,22,0,0,0,133807778
15694_12_1558061407559270822,0,206,227,0,62,0,19,0,0,0,104892826
15694_12_1558061407664190651,0,206,209,0,44,0,18,0,0,0,175703879
15694_12_1558061407870688370,0,198,211,0,38,0,12,0,0,0,152925629
15694_12_1558061408067098661,0,206,203,0,38,0,20,0,0,0,206284355
15694_12_1558061408368984438,0,207,200,0,36,0,21,0,0,0,105092904
15694_12_1558061408532544365,0,207,214,0,50,0,21,0,0,0,131625318
15694_12_1558061408764269521,0,217,237,0,83,0,28,0,0,0,138061894
15694_12_1558061408956933717,0,209,229,0,67,0,23,0,0,0,170994619
15694_12_1558061409177256073,0,209,232,0,70,0,23,0,0,0,126669452
15694_12_1558061409303963375,0,204,200,0,33,0,18,0,0,0,91101078
15694_12_1558061409431637649,0,210,219,0,58,0,23,0,0,0,131428690
15694_12_1558061409612723647,0,202,203,0,34,0,16,0,0,0,82894470
15694_12_1558061409732284386,0,212,211,0,52,0,26,0,0,0,109180338
15694_12_1558061409841485740,0,210,196,0,35,0,24,0,0,0,133241502
15694_12_1558061409995966685,0,202,202,0,33,0,16,0,0,0,92074901
15694_12_1558061410136094458,0,205,201,0,35,0,18,0,0,0,115901865
15694_12_1558061410348268794,0,202,202,0,33,0,16,0,0,0,83813818
15694_12_1558061410471384789,0,214,193,0,36,1,26,0,0,0,138417265
15694_12_1558061410649222427,0,212,195,0,36,1,25,0,0,0,162188362
15694_12_1558061410858771506,0,210,223,0,62,0,24,0,0,0,124861249
15694_12_1558061411027840348,0,203,200,0,32,0,17,0,0,0,147890355
15694_12_1558061411175759264,0,209,197,0,35,0,23,0,0,0,180061977
15694_12_1558061411355856687,0,207,199,0,35,0,21,0,0,0,144660571
15694_12_1558061411564043639,0,210,194,0,33,0,24,0,0,0,104840828
15694_12_1558061411716164628,0,213,191,0,33,0,27,0,0,0,143645052
15694_12_1558061411859833028,0,200,205,0,34,0,14,0,0,0,173975097
15694_12_1558061412094991119,0,203,202,0,34,0,17,0,0,0,77963097
15694_12_1558061412207430612,0,201,201,0,31,0,15,0,0,0,174509076
15694_12_1558061412430591150,0,200,205,0,34,0,14,0,0,0,117182478
15694_12_1558061412547809676,0,208,195,0,32,0,22,0,0,0,111986245
15694_12_1558061412731878908,0,199,219,0,47,0,13,0,0,0,170502492
15694_12_1558061412902403417,0,210,214,0,53,0,24,0,0,0,182930340
15694_12_1558061413156531421,0,210,196,0,35,0,23,0,0,0,86373183
15694_12_1558061413295768471,0,203,201,0,33,0,17,0,0,0,124458638
15694_12_1558061413420249074,0,197,205,0,31,0,11,0,0,0,180076061
15694_12_1558061413657177161,0,203,203,0,35,0,17,0,0,0,114491215
15694_12_1558061413841680885,0,202,200,0,31,0,16,0,0,0,118583622
15694_12_1558061414027515887,0,214,188,0,31,0,28,0,0,0,115568055
15694_12_1558061414199041620,0,210,195,0,34,0,23,0,0,0,95175206
15694_12_1558061414340040003,0,209,196,0,34,0,23,0,0,0,110412780
15694_12_1558061414478834587,0,210,199,0,38,0,23,0,0,0,145017068
15694_12_1558061414623875804,0,210,195,0,34,1,23,0,0,0,66191556
15694_12_1558061414730567737,0,198,206,0,33,0,12,0,0,0,100372186
15694_12_1558061414947100929,0,204,197,0,30,0,18,0,0,0,67021146
15694_12_1558061415062069563,0,213,190,0,32,0,27,0,0,0,74019485
15694_12_1558061415136111734,0,205,201,0,35,0,19,0,0,0,160421148
15694_12_1558061415367578246,0,212,217,0,58,0,24,0,0,0,146149307
15694_12_1558061415568564965,0,202,204,0,35,0,15,0,0,0,143164207
15694_12_1558061415757948360,0,207,197,0,33,0,21,0,0,0,120173703
15694_12_1558061415927497813,0,206,200,0,35,0,20,0,0,0,166111472
15694_12_1558061416191609789,0,206,202,0,37,0,20,0,0,0,87193032
15694_12_1558061416278825027,0,199,207,0,35,0,13,0,0,0,180466258
15694_12_1558061416527849041,0,215,217,0,61,0,28,0,0,0,117100999
15694_12_1558061416694216492,0,200,204,0,33,0,14,0,0,0,114742081
15694_12_1558061416827697811,0,207,200,0,36,0,21,0,0,0,110933169
15694_12_1558061416938666538,0,204,203,0,36,0,17,0,0,0,112878796
15694_12_1558061417092654067,0,206,197,0,32,0,20,0,0,0,113731950
15694_12_1558061417267844797,0,196,210,0,35,0,10,0,0,0,123352322
15694_12_1558061417427265860,0,201,201,0,31,0,15,0,0,0,109883112
15694_12_1558061417537194194,0,199,203,0,31,0,13,0,0,0,147950270
15694_12_1558061417731160280,0,203,200,0,32,0,16,0,0,0,108769520
15694_12_1558061417839954824,0,199,209,0,37,0,11,0,0,0,113641529
15694_12_1558061418040098655,0,207,197,0,33,0,21,0,0,0,92536177
15694_12_1558061418240411078,0,206,196,0,31,0,20,0,0,0,98724492
15694_12_1558061418396291795,0,209,191,0,29,0,23,0,0,0,91675602
15694_12_1558061418519580648,0,208,196,0,33,0,21,0,0,0,122367480
15694_12_1558061418679066606,0,208,195,0,32,0,22,0,0,0,107108602
15694_12_1558061418786640548,0,214,232,0,75,1,25,0,0,0,51653289
15694_12_1558061418895820008,0,202,202,0,33,0,16,0,0,0,93313286
15694_12_1558061418989169506,0,206,199,0,34,0,20,0,0,0,111644961
15694_12_1558061419150480641,0,209,195,0,33,0,23,0,0,0,134498818
15694_12_1558061419316109375,0,202,205,0,36,0,16,0,0,0,134487911
15694_12_1558061419487369679,0,206,199,0,34,0,20,0,0,0,152050817
15694_12_1558061419689194363,0,205,197,0,31,0,19,0,0,0,67043625
15694_12_1558061419815798839,0,209,193,0,31,0,23,0,0,0,127790516
15694_12_1558061420008047086,0,216,227,0,38,0,13,0,0,0,143099577
15694_12_1558061420207840611,0,208,195,0,32,0,21,0,0,0,111806652
15694_12_1558061420405536066,0,204,195,0,28,0,18,0,0,0,67375121
15694_12_1558061420472936475,0,204,201,0,34,0,18,0,0,0,165484791
15694_12_1558061420680148494,0,209,203,0,41,0,23,0,0,0,92941354
15694_12_1558061420773114931,0,213,219,0,61,0,27,0,0,0,116333558
15694_12_1558061420980593431,0,205,204,0,38,0,19,0,0,0,146258458
15694_12_1558061421168956108,0,204,199,0,32,0,18,0,0,0,99318950
15694_12_1558061421311576681,0,202,199,0,30,0,16,0,0,0,99689085
15694_12_1558061421411336882,0,197,206,0,32,0,11,0,0,0,140208435
15694_12_1558061421551567015,0,210,194,0,33,0,24,0,0,0,45930653
15694_12_1558061421694039914,0,211,199,0,39,0,25,0,0,0,102805880
15694_12_1558061421844349405,0,202,200,0,31,0,16,0,0,0,99200262
15694_12_1558061421982046171,0,199,210,0,38,0,13,0,0,0,127348597
15694_12_1558061422127735463,0,205,196,0,30,0,19,0,0,0,89080830
15694_12_1558061422260094251,0,209,193,0,31,0,23,0,0,0,132316915
15694_12_1558061422392432133,0,200,210,0,39,0,14,0,0,0,168124181
15694_12_1558061422602813962,0,204,197,0,30,0,17,0,0,0,118237803
15694_12_1558061422770494594,0,206,206,0,41,0,20,0,0,0,99489796
15694_12_1558061422919700530,0,201,207,0,37,0,15,0,0,0,93749543
15694_12_1558061423013475121,0,204,198,0,31,0,18,0,0,0,142179581
15694_12_1558061423258400515,0,203,202,0,34,0,17,0,0,0,110189444
15694_12_1558061423400189758,0,204,199,0,32,0,18,0,0,0,60838707
15694_12_1558061423556011494,0,209,193,0,31,0,23,0,0,0,96457350
15694_12_1558061423675436247,0,205,200,0,34,0,18,0,0,0,130347595
15694_12_1558061423871537903,0,210,224,0,63,0,22,0,0,0,144155584
15694_12_1558061424092200749,0,205,196,0,30,0,19,0,0,0,114785666
15694_12_1558061424235745581,0,214,214,0,57,0,26,0,0,0,189914598
15694_12_1558061424425713054,0,203,201,0,33,0,17,0,0,0,156742818
15694_12_1558061424625460887,0,202,202,0,33,0,16,0,0,0,194546932
15694_12_1558061424868264409,0,206,199,0,34,0,20,0,0,0,150590594
15694_12_1558061425059596889,0,211,192,0,32,0,24,0,0,0,68134685
15694_12_1558061425159793046,0,207,195,0,31,0,21,0,0,0,84778306
15694_12_1558061425303773273,0,206,195,0,30,0,20,0,0,0,124973565
15694_12_1558061425428771809,0,203,200,0,32,0,17,0,0,0,148343391
15694_12_1558061425646409138,0,209,196,0,34,0,22,0,0,0,79002216
15694_12_1558061425820648753,0,213,187,0,29,0,27,0,0,0,124791913
15694_12_1558061425975767781,0,213,188,0,30,0,27,0,0,0,100130788
15694_12_1558061426113158951,0,212,191,0,32,0,26,0,0,0,75409680
15694_12_1558061426188597294,0,206,201,0,36,0,19,0,0,0,99604272
15694_12_1558061426371969541,0,212,197,0,38,0,25,0,0,0,73697138
15694_12_1558061426445692760,0,201,211,0,41,0,14,0,0,0,194443692
15694_12_1558061426677085476,0,206,208,0,43,0,20,0,0,0,110057188
15694_12_1558061426787205063,0,206,218,0,53,0,19,0,0,0,186798561
15694_12_1558061426974036838,0,212,223,0,64,0,25,0,0,0,178721322
15694_12_1558061427182658165,0,213,211,0,55,0,27,0,0,0,173377135
15694_12_1558061427359038158,0,213,220,0,62,0,25,0,0,0,192493496
15694_12_1558061427623905644,0,207,198,0,34,0,20,0,0,0,88087533
15694_12_1558061427747111660,0,210,211,0,50,0,24,0,0,0,127393663
15694_12_1558061427911038753,0,210,211,0,50,0,23,0,0,0,139786151
15694_12_1558061428101144127,0,215,216,0,60,0,26,0,0,0,158764177
15694_12_1558061428305164761,0,202,203,0,34,0,16,0,0,0,127403998
15694_12_1558061428475819447,0,213,224,0,66,0,24,0,0,0,169652407
15694_12_1558061428760817873,0,210,222,0,61,0,24,0,0,0,124442764
15694_12_1558061428885285005,0,211,221,0,61,0,23,0,0,0,166202087
15694_12_1558061429051520271,0,213,216,0,58,0,26,0,0,0,173581635
15694_12_1558061429264094999,0,210,226,0,65,0,23,0,0,0,187920058
15694_12_1558061429507925379,0,206,201,0,36,0,19,0,0,0,140918516
15694_12_1558061429709163898,0,200,211,0,40,0,13,0,0,0,103933296
15694_12_1558061429813122402,0,203,229,0,61,0,16,0,0,0,168560582
15694_12_1558061430027052643,0,213,216,0,58,0,25,0,0,0,104853498
15694_12_1558061430131936249,0,203,199,0,31,0,17,0,0,0,103221355
15694_12_1558061430262875330,0,209,194,0,32,0,23,0,0,0,91808176
15694_12_1558061430385338342,0,205,201,0,35,0,19,0,0,0,123981151
15694_12_1558061430559904211,0,208,200,0,37,0,21,0,0,0,119192435
15694_12_1558061430767543022,0,207,197,0,33,0,21,0,0,0,105432358
15694_12_1558061430898606753,0,207,227,0,63,0,21,0,0,0,114220827
15694_12_1558061431055104809,0,211,224,0,64,0,24,0,0,0,186160318
15694_12_1558061431241290560,0,210,218,0,57,0,24,0,0,0,226114707
15694_12_1558061431507846342,0,205,203,0,37,0,19,0,0,0,164401196
15694_12_1558061431707640082,0,213,190,0,32,0,26,0,0,0,135908454
15694_12_1558061431907522773,0,208,194,0,31,0,22,0,0,0,136964155
15694_12_1558061432044509521,0,206,199,0,34,0,20,0,0,0,176884917
15694_12_1558061432292671847,0,209,194,0,32,0,23,0,0,0,104546796
15694_12_1558061432450436883,0,208,198,0,35,0,22,0,0,0,112495687
15694_12_1558061432562959866,0,213,188,0,30,0,27,0,0,0,56929495
15694_12_1558061432672406352,0,213,187,0,29,0,27,0,0,0,60334302
15694_12_1558061432795682495,0,211,196,0,36,0,25,0,0,0,103798754
15694_12_1558061432938955713,0,212,238,0,79,0,23,0,0,0,175575381
15694_12_1558061433141500684,0,214,189,0,32,0,28,0,0,0,122121579
15694_12_1558061433316125155,0,206,200,0,35,0,20,0,0,0,159571529
15694_12_1558061433638352021,0,213,189,0,31,0,27,0,0,0,119678863
15694_12_1558061433758052111,0,199,206,0,34,0,13,0,0,0,169732912
15694_12_1558061433963287505,0,205,208,0,42,0,18,0,0,0,149488704
15694_12_1558061434112817447,0,207,225,0,61,0,17,0,0,0,226727024
15694_12_1558061434377661418,0,202,205,0,36,0,16,0,0,0,95162637
15694_12_1558061434567792866,0,211,214,0,54,0,23,0,0,0,175020035
15694_12_1558061434776138518,0,211,241,0,81,0,24,0,0,0,194781572
15694_12_1558061434999738195,0,202,201,0,32,0,16,0,0,0,104259956
15694_12_1558061435104022311,0,204,199,0,32,0,18,0,0,0,187651696
15694_12_1558061435355070639,0,209,196,0,34,0,23,0,0,0,105070558
15694_12_1558061435496679702,0,208,195,0,32,0,22,0,0,0,169291562
15694_12_1558061435732140655,0,214,209,0,52,0,25,0,0,0,115830764
15694_12_1558061435951878027,0,211,213,0,53,0,23,0,0,0,76773445
15694_12_1558061436028679645,0,208,216,0,53,0,21,0,0,0,140554473
15694_12_1558061436211891864,0,205,202,0,36,0,19,0,0,0,143114071
15694_12_1558061436355030693,0,199,208,0,36,0,13,0,0,0,77293114
15694_12_1558061436479489097,0,204,201,0,34,0,17,0,0,0,112198539
15694_12_1558061436631554973,0,209,194,0,32,0,23,0,0,0,138701338
15694_12_1558061436848291307,0,213,187,0,29,0,27,0,0,0,67791541
15694_12_1558061436916112088,0,200,205,0,34,0,14,0,0,0,203121864
15694_12_1558061437155025685,0,213,190,0,32,0,27,0,0,0,154243890
15694_12_1558061437309294432,0,206,233,0,68,0,17,0,0,0,202457051
15694_12_1558061437567140938,0,217,208,0,54,0,27,0,0,0,159663358
15694_12_1558061437747196152,0,212,195,0,36,0,23,0,0,0,123628640
15694_12_1558061437925285291,0,213,190,0,32,0,27,0,0,0,119854037
15694_12_1558061438084446878,0,202,200,0,31,0,16,0,0,0,148009625
15694_12_1558061438232479850,0,196,207,0,32,0,10,0,0,0,116423055
15694_12_1558061438393549570,0,208,196,0,33,0,22,0,0,0,96239151
15694_12_1558061438522812939,0,209,193,0,31,0,22,0,0,0,117100041
15694_12_1558061438639937211,0,214,191,0,34,0,27,0,0,0,78915962
15694_12_1558061438718874101,0,201,208,0,38,0,15,0,0,0,162185723
15694_12_1558061438938525399,0,204,202,0,35,0,18,0,0,0,138284783
15694_12_1558061439148155264,0,209,193,0,31,0,22,0,0,0,84928964
15694_12_1558061439233104785,0,206,197,0,32,0,20,0,0,0,124098731
15694_12_1558061439393259259,0,201,201,0,31,0,15,0,0,0,148326591
15694_12_1558061439586803158,0,206,196,0,31,0,20,0,0,0,117025907
15694_12_1558061439703853531,0,190,212,0,31,0,4,0,0,0,129144221
15694_12_1558061439884177358,0,210,191,0,30,0,24,0,0,0,117461258
15694_12_1558061440068349419,0,200,205,0,34,0,14,0,0,0,116516663
15694_12_1558061440223412369,0,202,203,0,34,0,16,0,0,0,104349078
15694_12_1558061440370648893,0,202,204,0,35,0,15,0,0,0,140270437
15694_12_1558061440510939953,0,193,209,0,31,0,7,0,0,0,199832453
15694_12_1558061440756297824,0,205,201,0,35,0,18,0,0,0,135122061
15694_12_1558061440970141254,0,207,196,0,32,0,21,0,0,0,73589291
15694_12_1558061441079741187,0,204,225,0,58,0,17,0,0,0,221822642
15694_12_1558061441443694493,0,207,199,0,35,0,21,0,0,0,148168285
15694_12_1558061441646238596,0,213,193,0,35,0,27,0,0,0,129931699
15694_12_1558061441809877360,0,209,204,0,42,0,22,0,0,0,99952891
15694_12_1558061441936957419,0,205,214,0,48,0,17,0,0,0,230691395
15694_12_1558061442167673371,0,206,198,0,33,0,19,0,0,0,174545161
15694_12_1558061442415885969,0,209,193,0,31,0,23,0,0,0,90589208
15694_12_1558061442571839104,0,208,200,0,37,0,22,0,0,0,99055473
15694_12_1558061442720068105,0,201,207,0,37,0,14,0,0,0,145084385
15694_12_1558061442905256056,0,202,202,0,33,0,15,0,0,0,155481588
15694_12_1558061443060766474,0,201,207,0,37,0,15,0,0,0,125501476
15694_12_1558061443208571846,0,207,196,0,32,0,21,0,0,0,173819291
15694_12_1558061443426376542,0,202,201,0,32,0,16,0,0,0,105739125
15694_12_1558061443575852881,0,200,205,0,34,0,14,0,0,0,116378968
15694_12_1558061443692255201,0,205,202,0,36,0,19,0,0,0,139594282
15694_12_1558061443872054176,0,205,201,0,35,0,19,0,0,0,116994910
15694_12_1558061444015708143,0,208,198,0,35,0,22,0,0,0,94476721
15694_12_1558061444215873527,0,207,201,0,37,0,21,0,0,0,120471033
15694_12_1558061444394342692,0,213,210,0,52,0,25,0,0,0,111192012
15694_12_1558061444552018838,0,215,224,0,68,0,27,0,0,0,124275649
15694_12_1558061444733207510,0,211,193,0,33,0,25,0,0,0,114421496
15694_12_1558061444912300358,0,202,204,0,35,0,16,0,0,0,135875776
15694_12_1558061445077552592,0,204,203,0,36,0,18,0,0,0,126317599
15694_12_1558061445259437695,0,198,205,0,32,0,11,0,0,0,108273667
15694_12_1558061445397545388,0,204,203,0,36,0,18,0,0,0,67949581
15694_12_1558061445500233460,0,211,192,0,32,0,25,0,0,0,68758424
15694_12_1558061445569033330,0,210,223,0,62,0,23,0,0,0,189953501
15694_12_1558061445759010554,0,208,211,0,48,0,21,0,0,0,185769395
15694_12_1558061445976114380,0,204,203,0,36,0,18,0,0,0,113340226
15694_12_1558061446123024826,0,209,195,0,33,0,23,0,0,0,156400184
15694_12_1558061446311831784,0,206,196,0,31,0,20,0,0,0,105213570
15694_12_1558061446469301538,0,196,208,0,33,0,10,0,0,0,151502418
15694_12_1558061446665235993,0,205,226,0,60,0,18,0,0,0,170068693
15694_12_1558061446887840982,0,205,200,0,34,0,18,0,0,0,149814153
15694_12_1558061447227791210,0,206,197,0,32,0,20,0,0,0,116988828
15694_12_1558061447376791925,0,207,196,0,32,0,21,0,0,0,67236998
15694_12_1558061447552805214,0,203,198,0,30,0,17,0,0,0,71500156
15694_12_1558061447624324676,0,200,209,0,38,1,13,0,0,0,50124640
15694_12_1558061447674486309,0,210,193,0,32,0,23,0,0,0,209162884
15694_12_1558061447979537929,0,213,193,0,35,0,27,0,0,0,112010996
15694_12_1558061448131020505,0,201,207,0,37,0,15,0,0,0,234030585
15694_12_1558061448450770036,0,208,196,0,33,0,22,0,0,0,61049963
15694_12_1558061448573223269,0,209,194,0,32,0,23,0,0,0,127216591
15694_12_1558061448739537448,0,204,200,0,33,0,18,0,0,0,150111875
15694_12_1558061448931127165,0,204,205,0,38,0,18,0,0,0,123667194
15694_12_1558061449159982563,0,212,192,0,33,0,26,0,0,0,139558736
15694_12_1558061449430752453,0,199,205,0,33,0,13,0,0,0,73080769
15694_12_1558061449600165371,0,204,203,0,36,0,18,0,0,0,74775860
15694_12_1558061449751031857,0,202,204,0,35,0,16,0,0,0,145551720
15694_12_1558061449934989545,0,204,198,0,31,0,18,0,0,0,147006584
15694_12_1558061450122623568,0,201,203,0,33,0,15,0,0,0,109000250
15694_12_1558061450271395809,0,215,226,0,70,0,27,0,0,0,147431481
15694_12_1558061450475089151,0,202,204,0,35,0,16,0,0,0,115723039
15694_12_1558061450652070294,0,206,200,0,35,0,19,0,0,0,98038970
15694_12_1558061450750146700,0,199,202,0,30,0,13,0,0,0,193427080
15694_12_1558061451008329120,0,237,228,0,32,0,19,0,0,0,96346559
15694_12_1558061451104696347,0,196,209,0,34,0,10,0,0,0,193159133
15694_12_1558061451335777228,0,209,193,0,31,0,23,0,0,0,146000588
15694_12_1558061451538625755,0,207,195,0,31,0,21,0,0,0,129769024
15694_12_1558061451668417858,0,205,202,0,36,0,19,0,0,0,127799160
15694_12_1558061451839899708,0,211,192,0,32,0,25,0,0,0,70959214
15694_12_1558061452019379168,0,200,204,0,33,0,14,0,0,0,103232011
15694_12_1558061452179052074,0,206,198,0,33,0,20,0,0,0,113002728
15694_12_1558061452345462063,0,201,202,0,32,0,15,0,0,0,107825846
15694_12_1558061452485431267,0,200,209,0,38,0,14,0,0,0,115287302
15694_12_1558061452652540531,0,202,205,0,36,0,16,0,0,0,135104140
15694_12_1558061452839899484,0,211,223,0,63,0,24,0,0,0,152168201
15694_12_1558061453025887665,0,199,206,0,34,0,13,0,0,0,137319590
15694_12_1558061453207886037,0,209,198,0,36,0,22,0,0,0,89956850
15694_12_1558061453297878855,0,207,203,0,39,1,20,0,0,0,74408290
